Filename,Radius_of_Gyration,Convex_Hull_Volume,Sequence_Entropy,Hydrophobic_Ratio,Charged_Ratio,Polar_Atom_Ratio,Heavy_Atom_Ratio,Average_Phi,Average_Psi,Sequence_Length,Avg_Eccentricity,Max_Eccentricity,Min_Eccentricity,Avg_Closeness,Max_Closeness,Min_Closeness,Avg_Eigenvector,Max_Eigenvector,Min_Eigenvector,Eigenvector_Centrality,K_Core_Number,Assortativity_Coefficient,Path_Length_Mean,Path_Length_Var,Residue_Packing_Density,Atomic_Clashes,Hydrophobic_Patch_Count,14317.8178,0.140625,40.97578125,8.897813606,-0.40234375,0.0625,0.015625,0.046875,0.0390625,0.03125,0.109375,0.0078125,0.0234375,0.046875,0.0703125,0.015625,0.046875,0.015625,0.046875,0.0625,0.1171875,0.0390625,0.09375,0.03125,0.078125,Avg_Packing_Density,Hydrophobic_Clusters,COM_X,COM_Y,COM_Z,Max_Atom_Distance,Num_Atoms,Centroid_X,Centroid_Y,Centroid_Z,Bounding_Box_Volume,Radius_of_Gyration,C_Count,O_Count,N_Count,S_Count,Atom_Count,H_Count,Avg_Distance,Max_Distance,Total_Weight,Density,Average_Phi,Average_Psi,Unique_Residues,Avg_Residue_Mass,Min_CA_Distance,Max_CA_Distance,Shape_Compactness,Num_Residues,Num_Edges,Avg_Degree,Clustering_Coefficient,Betweenness_Centrality,Graph_Density,Z_Spread,Max_Atom_Distance,Num_Chains,Num_Atoms
naive,16.895,73788.239,4.057,0.406,0.195,0.189,0.511,-1.483,1.509,128,7.1828125,10,5,0.279063771,0.373247664,0.153127247,0.02491084,0.129230583,3.20E-07,0.024910185,17.0234375,0.719237453,3.69519043,2.115328431,31.290625,38468,649,14317.8178,0.140625,40.97578125,8.897813606,-0.40234375,0.0625,0.015625,0.046875,0.0390625,0.03125,0.109375,0.0078125,0.0234375,0.046875,0.0703125,0.015625,0.046875,0.015625,0.046875,0.0625,0.1171875,0.0390625,0.09375,0.03125,0.078125,121.96,161,6.327,16.208,1.782,60.718,9890,6.327,16.208,1.782,170380.36,16.857,3190,965,880,20,9890,4835,22.119,61.189,71595.78,0.393,-1.483467443,1.508626954,20,111.87,0.25,57.34,2.429,128,617,9.640625,0.574448338,0.020764006,0.075910433,59.34,61.19,5,9890
seq615@13,16.614,69769.275,4.084,0.398,0.219,0.191,0.508,-1.535,1.424,128,7.0546875,10,5,0.284690372,0.380810489,0.166146646,0.025257801,0.13007209,1.34E-06,0.025257489,18.134375,0.70346822,3.62449707,2.091707511,33.2828125,41951,753,14338.907,0.109375,33.509375,8.636458778,-0.4203125,0.0703125,0.015625,0.0390625,0.0625,0.0234375,0.09375,0.0078125,0.03125,0.0390625,0.078125,0.0234375,0.0625,0.015625,0.03125,0.078125,0.109375,0.046875,0.0859375,0.03125,0.0546875,130.33,159,10.412,15.079,-2.535,66.303,9930,10.412,15.079,-2.535,133356.45,16.596,3145,970,905,25,9930,4885,21.712,67.524,71696.33,0.518,-1.535140348,1.424331041,20,112.02,0.33,61.74,2.414,128,615,9.609375,0.569922612,0.021099902,0.07566437,51.26,67.52,5,9930
seq3429@4,16.186,59705.026,4.046,0.406,0.227,0.192,0.507,-1.643,1.375,128,7.0140625,9,5,0.292858458,0.388686131,0.154236061,0.026778762,0.124828666,3.26E-07,0.026777434,21.203125,0.631424333,3.512290039,1.990073564,38.003125,52162,948,14480.0813,0.109375,35.946875,8.960541344,-0.47734375,0.0703125,0.015625,0.0390625,0.0625,0.0078125,0.09375,0.0078125,0.0390625,0.03125,0.078125,0.0234375,0.0625,0.015625,0.03125,0.09375,0.1015625,0.0390625,0.0859375,0.03125,0.0703125,152.55,132,11.483,13.755,5.411,60.559,10040,11.483,13.755,5.411,144920.69,16.116,3170,970,930,25,10040,4945,21.113,61.908,72407.31,0.472,-1.642932071,1.375376004,20,113.13,0.36,53.84,2.395,128,610,9.53125,0.567750088,0.020551142,0.075049213,57.23,61.91,5,10040
seq1027@15,16.977,67934.639,4.056,0.422,0.219,0.19,0.507,-1.566,1.528,128,7.178125,10,5,0.279763075,0.3752202,0.156617647,0.024244074,0.129979018,8.35E-07,0.024243709,18.3640625,0.708933648,3.682143555,2.130466304,33.5140625,43312,849,14438.0891,0.1171875,36.0265625,9.201588631,-0.40546875,0.078125,0.015625,0.0390625,0.0546875,0.015625,0.1015625,0.0078125,0.0390625,0.03125,0.078125,0.0234375,0.0625,0.015625,0.03125,0.09375,0.09375,0.03125,0.0859375,0.03125,0.0703125,130.78,150,3.399,16.85,-0.833,65.47,10025,3.399,16.85,-0.833,158173.34,16.898,3180,950,930,25,10025,4940,22.188,66.847,72202.37,0.443,-1.565618334,1.527552851,20,112.81,0.32,56.99,2.42,128,612,9.5625,0.560723608,0.021107713,0.075295276,64.84,66.85,5,10025
seq392@9,16.446,65789.545,4.061,0.422,0.219,0.19,0.509,-1.549,1.36,128,7.48125,10,6,0.284169602,0.372594752,0.150530035,0.026057963,0.131569229,1.18E-07,0.026056559,20.86875,0.646396498,3.63137207,2.217809739,36.9265625,50782,973,14411.0174,0.1171875,34.4734375,8.618729973,-0.39765625,0.078125,0.015625,0.0390625,0.0625,0.015625,0.1015625,0.0078125,0.0390625,0.03125,0.078125,0.0234375,0.0625,0.015625,0.03125,0.0859375,0.09375,0.03125,0.0859375,0.03125,0.0703125,145.67,145,3.701,17.489,-2.604,63.584,9980,3.701,17.489,-2.604,144419.39,16.431,3175,960,915,25,9980,4905,21.449,65.24,72056.89,0.481,-1.549156994,1.359707541,20,112.59,0.03,58.58,2.38,128,613,9.578125,0.568997149,0.021037409,0.075418307,62.54,65.24,5,9980
seq3589@2,16.943,61042.476,4.052,0.422,0.227,0.191,0.509,-1.59,1.443,128,6.834375,9,5,0.280117467,0.373465809,0.169631006,0.023893575,0.126237559,5.66E-06,0.023893212,17.86875,0.718057912,3.660136719,1.98636795,32.928125,42729,825,14511.0935,0.1171875,36.41875,8.036838341,-0.4265625,0.078125,0.015625,0.0390625,0.0703125,0.015625,0.09375,0.0078125,0.0390625,0.0234375,0.078125,0.0234375,0.0625,0.015625,0.03125,0.09375,0.09375,0.03125,0.0859375,0.03125,0.0703125,128.18,142,5.939,15.996,3.183,61.058,10030,5.939,15.996,3.183,138097.23,16.942,3190,970,925,25,10030,4920,22.171,61.941,72552.26,0.497,-1.589966386,1.443096226,20,113.36,0.13,53.57,2.443,128,614,9.59375,0.572067949,0.02058727,0.075541339,59.23,61.94,5,10030
seq2410@12,17.125,71327.419,4.056,0.422,0.227,0.19,0.507,-1.571,1.402,128,7.003125,9,5,0.276346432,0.368937644,0.167058824,0.024267903,0.128894759,1.26E-06,0.024267305,16.44375,0.706356677,3.724765625,2.122283148,30.796875,38404,749,14483.1265,0.1171875,36.71953125,8.960541344,-0.40859375,0.078125,0.015625,0.0390625,0.0625,0.015625,0.09375,0.0078125,0.0390625,0.03125,0.078125,0.0234375,0.0546875,0.015625,0.03125,0.09375,0.1015625,0.03125,0.0859375,0.03125,0.0703125,118.54,172,10.364,14.306,3.425,61.532,10050,10.364,14.306,3.425,161566.12,17.067,3190,960,925,25,10050,4950,22.434,63.02,72422.5,0.431,-1.570920166,1.401996149,20,113.16,0.28,55.87,2.458,128,616,9.625,0.558845321,0.020199623,0.075787402,56.44,63.02,5,10050
seq23@6,17.938,74634.271,4.066,0.422,0.234,0.19,0.508,-1.59,1.457,128,7.346875,10,5,0.259852758,0.346717309,0.162388818,0.022380079,0.132538985,3.08E-06,0.022379824,16.18125,0.745464417,3.961274414,2.485331384,29.6140625,38401,740,14511.1366,0.1171875,32.6234375,8.618536568,-0.4296875,0.078125,0.015625,0.046875,0.0625,0.015625,0.09375,0.0078125,0.0390625,0.03125,0.078125,0.0234375,0.0546875,0.015625,0.03125,0.09375,0.09375,0.03125,0.0859375,0.03125,0.0703125,114.97,167,5.514,15.587,2.034,65.988,10055,5.514,15.587,2.034,194427.34,17.896,3195,965,925,25,10055,4945,23.435,66.013,72557.51,0.354,-1.589987168,1.456962329,20,113.37,0.27,58.03,2.411,128,616,9.625,0.564390124,0.020803064,0.075787402,65.2,66.01,5,10055
seq3293@3,16.833,67390.391,4.056,0.422,0.227,0.19,0.507,-1.536,1.481,128,7.43125,10,5,0.284247936,0.376325088,0.144243792,0.027092846,0.122863566,4.85E-08,0.027091321,19.190625,0.64698352,3.629990234,2.240680664,35.2703125,45582,892,14483.1265,0.1171875,36.10078125,8.960541344,-0.40859375,0.078125,0.015625,0.0390625,0.0625,0.015625,0.09375,0.0078125,0.0390625,0.03125,0.078125,0.0234375,0.0546875,0.015625,0.03125,0.09375,0.1015625,0.03125,0.0859375,0.03125,0.0703125,138.76,152,3.472,17.189,-3.799,66.986,10050,3.472,17.189,-3.799,147734.31,16.773,3190,960,925,25,10050,4950,21.894,68.664,72422.5,0.455,-1.536177901,1.480725153,20,113.16,0.12,58.73,2.353,128,619,9.671875,0.56467803,0.020489626,0.076156496,59.02,68.66,5,10050
seq801@4,16.843,71242.734,4.067,0.414,0.234,0.192,0.508,-1.615,1.467,128,7.0359375,9,5,0.282039503,0.375440658,0.158994775,0.024478986,0.128351575,4.66E-07,0.024478027,17.0109375,0.703713747,3.653491211,2.066499042,31.6703125,39242,771,14462.066,0.109375,37.71875,8.636071968,-0.446875,0.078125,0.015625,0.046875,0.0625,0.015625,0.09375,0.0078125,0.0390625,0.03125,0.078125,0.0234375,0.0625,0.015625,0.03125,0.09375,0.09375,0.03125,0.0859375,0.03125,0.0625,122.84,167,4.171,17.32,0.228,60.234,10020,4.171,17.32,0.228,139724.95,16.795,3170,965,930,25,10020,4930,22.053,61.588,72312.19,0.496,-1.615357195,1.46652705,20,112.98,0.39,56.3,2.449,128,605,9.453125,0.555830584,0.020576529,0.074434055,55.67,61.59,5,10020
seq5667@3,17.648,70276.142,4.082,0.414,0.227,0.191,0.508,-1.504,1.484,128,7.009375,9,5,0.267199724,0.353820598,0.173452769,0.022892498,0.132294654,6.49E-06,0.022892087,16.378125,0.734451666,3.849443359,2.321248714,30.1265625,38627,755,14484.1179,0.109375,37.421875,8.98503933,-0.44453125,0.078125,0.015625,0.0390625,0.0625,0.015625,0.09375,0.015625,0.0390625,0.03125,0.078125,0.0234375,0.0625,0.015625,0.03125,0.09375,0.09375,0.03125,0.0859375,0.03125,0.0625,118.58,172,7.479,15.415,0.989,62.228,10045,7.479,15.415,0.989,162327.72,17.568,3180,955,940,25,10045,4945,23.048,63.749,72427.51,0.414,-1.503618936,1.483628905,20,113.17,0.2,59.2,2.402,128,608,9.5,0.558443249,0.020690773,0.07480315,59.04,63.75,5,10045
seq16864@4,16.897,63856.91,4.079,0.422,0.219,0.191,0.508,-1.613,1.454,128,7.059375,9,5,0.280968706,0.377213695,0.164903226,0.024506552,0.129671067,6.70E-06,0.024506182,17.74375,0.716254332,3.660024414,2.040564062,32.6875,42714,786,14457.109,0.1171875,38.4640625,8.507328606,-0.375,0.078125,0.0234375,0.0390625,0.0625,0.015625,0.09375,0.0078125,0.0390625,0.03125,0.078125,0.0234375,0.0625,0.015625,0.03125,0.0859375,0.09375,0.03125,0.0859375,0.03125,0.0703125,127.62,145,7.802,16.012,-2.604,62.739,10000,7.802,16.012,-2.604,145238.77,16.858,3180,960,915,30,10000,4915,22.078,63.702,72287.37,0.458,-1.612756481,1.453690095,20,112.95,0.31,58.04,2.423,128,607,9.484375,0.564179549,0.021182899,0.074680118,54.75,63.7,5,10000
seq880@6,17.851,78386.353,4.076,0.414,0.227,0.191,0.507,-1.554,1.551,128,7.525,10,5,0.265531686,0.354409318,0.150352941,0.022526995,0.138104613,2.17E-07,0.022525986,16.1625,0.717464008,3.879604492,2.449904336,29.6421875,37251,757,14450.1215,0.109375,38.7609375,8.856295967,-0.4,0.078125,0.0234375,0.0390625,0.0625,0.015625,0.09375,0.0078125,0.0390625,0.03125,0.078125,0.0234375,0.0625,0.015625,0.03125,0.09375,0.09375,0.03125,0.0859375,0.03125,0.0625,115.66,174,7.659,14.352,4.605,64.794,10015,7.659,14.352,4.605,202034.92,17.795,3165,955,930,30,10015,4935,23.283,65.833,72257.53,0.335,-1.554226945,1.551315842,20,112.9,0.35,56.48,2.391,128,604,9.4375,0.547354078,0.021217074,0.074311024,65.28,65.83,5,10015
seq5276@3,16.99,70373.242,4.055,0.422,0.219,0.19,0.507,-1.544,1.412,128,7.1140625,10,5,0.280095361,0.375661376,0.163888176,0.025274623,0.129034073,9.57E-07,0.025274015,17.5265625,0.708360886,3.68230957,2.182944861,32.8203125,42256,776,14509.167,0.1171875,35.13671875,9.201588631,-0.4296875,0.078125,0.015625,0.03125,0.0625,0.015625,0.09375,0.0078125,0.0390625,0.03125,0.078125,0.0234375,0.0703125,0.015625,0.03125,0.09375,0.09375,0.03125,0.0859375,0.03125,0.0703125,129.62,154,2.261,17.243,1.213,66.936,10075,2.261,17.243,1.213,181605.11,16.914,3195,955,935,25,10075,4965,22.162,68.683,72557.77,0.373,-1.543501709,1.412438897,20,113.37,0.23,57.42,2.393,128,613,9.578125,0.568400827,0.020477909,0.075418307,65.21,68.68,5,10075
seq1721@13,17.096,70956.391,4.04,0.422,0.227,0.19,0.506,-1.546,1.399,128,7.4765625,10,6,0.279654316,0.371944121,0.145524937,0.026439582,0.11982694,1.21E-07,0.026438234,18.428125,0.651412307,3.696376953,2.361738827,34.090625,44123,885,14476.1356,0.109375,35.946875,8.960541344,-0.421875,0.078125,0.015625,0.0390625,0.0625,0.0078125,0.09375,0.0078125,0.0390625,0.03125,0.0859375,0.0234375,0.0625,0.015625,0.03125,0.09375,0.09375,0.03125,0.0859375,0.03125,0.0703125,136.18,152,2.448,16.946,-1.612,63.19,10060,2.448,16.946,-1.612,157795.25,17.029,3180,960,930,25,10060,4965,22.213,64.768,72387.57,0.431,-1.545779755,1.398893961,20,113.1,0.51,60.01,2.331,128,612,9.5625,0.556046428,0.020088309,0.075295276,55.7,64.77,5,10060
seq13013@4,18.224,89117.66,4.022,0.422,0.234,0.19,0.506,-1.484,1.563,128,7.609375,10,6,0.258260142,0.348228883,0.155815655,0.022928031,0.135753376,8.62E-07,0.022927534,14.359375,0.750727605,4.004130859,2.57769778,26.746875,32768,606,14529.1982,0.1171875,39.88125,9.201137352,-0.43984375,0.078125,0.015625,0.0390625,0.0625,0.015625,0.09375,0,0.0390625,0.03125,0.078125,0.0234375,0.0625,0.015625,0.03125,0.1015625,0.09375,0.03125,0.0859375,0.03125,0.0703125,102.55,193,3.525,15.93,0.636,68.309,10100,3.525,15.93,0.636,193932.44,18.155,3195,960,935,25,10100,4985,23.817,69.743,72657.93,0.359,-1.484202349,1.562575694,19,113.53,0.45,62.87,2.398,128,611,9.546875,0.563533775,0.020649763,0.075172244,61.72,69.74,5,10100
seq5546@6,17.973,66731.623,4.062,0.422,0.227,0.191,0.508,-1.629,1.368,128,7.140625,10,5,0.261015012,0.353038674,0.172936401,0.022082319,0.137573764,1.17E-05,0.022081405,16.99375,0.702842807,3.933300781,2.476713324,30.575,40277,812,14482.0987,0.1171875,36.10078125,8.960541344,-0.4484375,0.0859375,0.015625,0.0390625,0.0625,0.015625,0.09375,0.0078125,0.0390625,0.03125,0.078125,0.0234375,0.0625,0.015625,0.03125,0.09375,0.09375,0.03125,0.078125,0.03125,0.0703125,119.82,145,8.951,14.234,1.741,63.119,10035,8.951,14.234,1.741,172753.16,17.902,3185,960,930,25,10035,4935,23.444,63.954,72417.38,0.391,-1.628790962,1.368270844,20,113.15,0.07,55.86,2.389,128,618,9.65625,0.570143919,0.020234775,0.076033465,59.93,63.95,5,10035
seq11268@4,16.89,68195.623,4.06,0.422,0.227,0.19,0.507,-1.477,1.388,128,6.9546875,9,5,0.281789979,0.377436503,0.168202158,0.023626841,0.134973271,4.32E-06,0.023626249,16.7140625,0.723064117,3.640991211,1.970502338,31.4265625,39413,745,14538.2049,0.1171875,35.51171875,8.960541344,-0.4109375,0.0703125,0.015625,0.0390625,0.0625,0.015625,0.09375,0.0078125,0.0390625,0.03125,0.078125,0.0234375,0.0625,0.015625,0.03125,0.09375,0.09375,0.03125,0.09375,0.03125,0.0703125,122.44,164,6.598,16.378,0.403,64.415,10095,6.598,16.378,0.403,166988.42,16.852,3205,960,930,25,10095,4975,22.109,64.949,72697.9,0.41,-1.477086204,1.388219897,20,113.59,0.22,59.49,2.447,128,607,9.484375,0.567907483,0.021206334,0.074680118,59.99,64.95,5,10095
seq7414@2,18.118,75678.363,4.079,0.422,0.219,0.191,0.508,-1.554,1.452,128,7.5359375,10,5,0.259289675,0.353624792,0.166189857,0.022593952,0.146381965,2.41E-06,0.022593609,15.396875,0.730148894,3.971201172,2.584092502,28.84375,37372,701,14457.109,0.1171875,37.60546875,8.507328606,-0.375,0.078125,0.0234375,0.0390625,0.0625,0.015625,0.09375,0.0078125,0.0390625,0.03125,0.078125,0.0234375,0.0625,0.015625,0.03125,0.0859375,0.09375,0.03125,0.0859375,0.03125,0.0703125,113.27,168,10.366,12.989,0.405,66.924,10000,10.366,12.989,0.405,207406.75,18.062,3180,960,915,30,10000,4915,23.578,66.949,72287.37,0.325,-1.554493045,1.451767569,20,112.95,0.36,63.73,2.347,128,609,9.515625,0.55834955,0.020412488,0.074926181,60.08,66.95,5,10000
seq2667@2,17.422,69278.449,4.061,0.422,0.219,0.191,0.508,-1.546,1.496,128,7.09375,10,5,0.270155536,0.365769891,0.168735147,0.023222896,0.132001487,3.49E-06,0.023222707,16.8015625,0.732716835,3.812368164,2.271283552,30.5859375,39638,759,14441.0434,0.1171875,36.10078125,8.618729973,-0.40078125,0.078125,0.015625,0.0390625,0.0625,0.015625,0.09375,0.0078125,0.0390625,0.03125,0.078125,0.0234375,0.0625,0.015625,0.03125,0.0859375,0.1015625,0.03125,0.0859375,0.03125,0.0703125,119.41,156,4.681,15.787,3.122,63.244,10000,4.681,15.787,3.122,165919.38,17.361,3180,965,915,25,10000,4915,22.77,64.249,72207.02,0.413,-1.545866485,1.495965273,20,112.82,0.16,57.73,2.415,128,602,9.40625,0.566278361,0.021385999,0.074064961,62.01,64.25,5,10000
seq1056@7,17.704,76255.527,4.062,0.422,0.227,0.191,0.508,-1.561,1.49,128,7.0921875,9,5,0.268512092,0.361221029,0.166840731,0.023566605,0.130480366,5.28E-06,0.02356616,16.040625,0.72337065,3.829228516,2.278454288,29.6,37000,696,14482.0987,0.1171875,36.10078125,8.960541344,-0.4484375,0.0859375,0.015625,0.0390625,0.0625,0.015625,0.09375,0.0078125,0.0390625,0.03125,0.078125,0.0234375,0.0625,0.015625,0.03125,0.09375,0.09375,0.03125,0.078125,0.03125,0.0703125,114.56,170,6.525,15.218,2.626,65.616,10035,6.525,15.218,2.626,186839.2,17.636,3185,960,930,25,10035,4935,23.12,67.48,72417.38,0.366,-1.561454484,1.490409439,20,113.15,0.45,59.95,2.408,128,617,9.640625,0.564754776,0.020911449,0.075910433,64.24,67.48,5,10035
seq51@4,15.852,50125.046,4.079,0.422,0.227,0.189,0.507,-1.593,1.485,128,6.6734375,10,5,0.301691256,0.39689441,0.183357245,0.027588517,0.119219338,6.69E-06,0.027587876,21.196875,0.656995066,3.394711914,1.771238638,39.0328125,52381,1023,14520.1897,0.1171875,39.11015625,8.960541344,-0.4359375,0.078125,0.015625,0.0390625,0.0625,0.015625,0.09375,0.0078125,0.0390625,0.03125,0.078125,0.0234375,0.0625,0.0234375,0.03125,0.09375,0.0859375,0.03125,0.0859375,0.03125,0.0703125,155.48,125,1.643,18.345,-2.479,68.383,10080,1.643,18.345,-2.479,117016.33,15.769,3205,955,930,25,10080,4965,20.657,69.443,72607.82,0.579,-1.592626439,1.48482851,20,113.45,0.24,62.17,2.38,128,611,9.546875,0.5618686,0.020637069,0.075172244,64.42,69.44,5,10080
seq8924@2,16.382,63954.144,4.063,0.43,0.227,0.19,0.507,-1.571,1.479,128,7.0546875,10,5,0.286141819,0.376546847,0.159391369,0.026230984,0.127412136,3.90E-07,0.026230252,19.6484375,0.672648546,3.606025391,2.130369945,36.0609375,48248,969,14494.1524,0.1171875,36.10078125,8.960541344,-0.409375,0.0859375,0.015625,0.0390625,0.0625,0.015625,0.09375,0.0078125,0.0390625,0.03125,0.078125,0.0234375,0.0625,0.015625,0.03125,0.09375,0.0859375,0.03125,0.0859375,0.03125,0.0703125,141.27,154,1.539,18.154,-0.949,63.154,10060,1.539,18.154,-0.949,140583.11,16.312,3195,955,930,25,10060,4955,21.39,64.029,72477.64,0.487,-1.571051053,1.478916643,20,113.24,0.17,58.07,2.412,128,618,9.65625,0.565115657,0.020934883,0.076033465,63.66,64.03,5,10060
seq10835@2,13.888,33754.49,4.036,0.412,0.206,0.193,0.507,-1.48,1.53,97,5.564948454,7,4,0.335945971,0.432142857,0.207280514,0.036245178,0.112662838,1.28E-05,0.036244444,23.58350515,0.512532485,3.034872994,1.367001538,41.05979381,42729,800,10857.1514,0.103092784,40.9814433,8.74250927,-0.369072165,0.082474227,0.020618557,0.030927835,0.06185567,0.020618557,0.103092784,0,0.030927835,0.020618557,0.092783505,0.041237113,0.06185567,0.020618557,0.041237113,0.092783505,0.103092784,0.030927835,0.06185567,0.030927835,0.051546392,167.67,90,3.099,18.269,9.605,46.585,7500,3.099,18.269,9.605,71299.23,13.806,2360,720,695,30,7500,3695,18.164,47.502,54287.21,0.702,-1.480123894,1.530466527,19,111.93,0.22,44.26,2.425,97,425,8.762886598,0.568987427,0.024957045,0.091280069,44.75,47.5,5,7500
seq1287@9,15.556,58156.857,4.077,0.406,0.211,0.192,0.51,-1.503,1.499,128,6.3765625,9,5,0.307483226,0.409878127,0.185972061,0.027336361,0.122956719,1.16E-05,0.027335841,20.7171875,0.6597288,3.330849609,1.579698692,37.9078125,48033,872,14550.1526,0.125,34.89921875,8.984781456,-0.4734375,0.0625,0.015625,0.0390625,0.0546875,0.0234375,0.1015625,0.0078125,0.03125,0.0234375,0.078125,0.03125,0.0625,0.015625,0.0390625,0.09375,0.1015625,0.0390625,0.078125,0.03125,0.0703125,147.88,132,4.802,18.225,3.603,56.832,10035,4.802,18.225,3.603,103429.69,15.508,3195,965,930,30,10035,4915,20.416,58.028,72757.67,0.689,-1.502739491,1.498554049,20,113.68,0.47,50.26,2.505,128,593,9.265625,0.557088961,0.021483643,0.072957677,49.32,58.03,5,10035
seq855@6,16.928,70104.24,4.091,0.398,0.219,0.193,0.509,-1.529,1.414,128,6.9140625,9,5,0.281029067,0.373902867,0.169316375,0.023867408,0.134655368,2.02E-06,0.023867064,16.2234375,0.736499685,3.658798828,1.974665745,30.603125,38075,646,14589.2567,0.1171875,35.25625,9.127514458,-0.47578125,0.0625,0.0234375,0.0390625,0.0546875,0.0234375,0.09375,0.0078125,0.03125,0.0234375,0.078125,0.03125,0.0625,0.015625,0.0390625,0.1015625,0.1015625,0.0390625,0.078125,0.03125,0.0625,118.45,168,9.787,15.73,3.833,65.182,10070,9.787,15.73,3.833,143622.6,16.856,3185,960,945,35,10070,4945,22.197,65.871,72958.31,0.484,-1.528507251,1.414321471,20,113.99,0.55,59.48,2.479,128,610,9.53125,0.557151052,0.020135178,0.075049213,58.99,65.87,5,10070
seq2206@5,15.954,61430.811,4.06,0.406,0.219,0.192,0.508,-1.577,1.42,128,6.534375,9,5,0.298071449,0.39420111,0.179494382,0.026466066,0.122296849,2.31E-06,0.026465661,19.446875,0.675694572,3.438071289,1.70539335,35.95,46303,804,14601.2442,0.1171875,33.57109375,9.231437492,-0.49453125,0.0625,0.015625,0.0390625,0.0546875,0.015625,0.09375,0.0078125,0.03125,0.0234375,0.078125,0.03125,0.0625,0.015625,0.0390625,0.1015625,0.1015625,0.0390625,0.0859375,0.03125,0.0703125,141.62,151,11.06,16.582,1.986,60.74,10100,11.06,16.582,1.986,124328.78,15.892,3195,965,945,30,10100,4965,20.907,61.477,73018.22,0.554,-1.577269018,1.41982554,20,114.09,0.4,54.08,2.472,128,613,9.578125,0.557824207,0.02005804,0.075418307,57.34,61.48,5,10100
seq1060@4,16.038,62440.088,4.08,0.406,0.227,0.192,0.51,-1.533,1.468,128,6.8015625,9,5,0.298180399,0.39420111,0.158285856,0.027306325,0.114492545,6.95E-07,0.027305682,19.7765625,0.661536518,3.442666016,1.772376877,36.30625,47667,818,14650.2718,0.125,34.89921875,8.984459114,-0.50546875,0.0625,0.015625,0.046875,0.0546875,0.0234375,0.09375,0.0078125,0.03125,0.0234375,0.078125,0.03125,0.0546875,0.015625,0.0390625,0.1015625,0.1015625,0.0390625,0.078125,0.03125,0.0703125,144.54,147,2.759,18.513,-2.631,61.875,10110,2.759,18.513,-2.631,139770.47,15.973,3215,970,940,30,10110,4955,20.977,62.413,73258.29,0.503,-1.533225052,1.468286988,20,114.46,0.43,54.88,2.455,128,605,9.453125,0.558713249,0.020405652,0.074434055,60.93,62.41,5,10110
seq7556@3,17.574,79342.952,4.091,0.398,0.219,0.193,0.509,-1.499,1.425,128,7.628125,11,6,0.272416219,0.361221029,0.146291209,0.026573825,0.124915724,2.20E-07,0.026573084,17.2546875,0.69664361,3.797431641,2.492393794,31.2796875,39639,657,14589.2567,0.1171875,35.48828125,9.127514458,-0.47578125,0.0625,0.0234375,0.0390625,0.0546875,0.0234375,0.09375,0.0078125,0.03125,0.0234375,0.078125,0.03125,0.0625,0.015625,0.0390625,0.1015625,0.1015625,0.0390625,0.078125,0.03125,0.0625,123.91,174,6.428,17.028,0.757,73.382,10070,6.428,17.028,0.757,208149.8,17.463,3185,960,945,35,10070,4945,22.802,74.243,72958.31,0.331,-1.498672635,1.424901592,20,113.99,0.19,65.36,2.306,128,620,9.6875,0.560922498,0.020394912,0.076279528,62.92,74.24,5,10070
seq321@2,17.267,72298.451,4.08,0.398,0.219,0.192,0.509,-1.519,1.51,128,6.946875,9,5,0.276551746,0.368937644,0.169092352,0.0245841,0.121971679,2.82E-06,0.024583813,17.01875,0.724870508,3.722416992,2.118411541,30.91875,38927,621,14679.313,0.125,37.44609375,9.231437492,-0.525,0.0546875,0.015625,0.0390625,0.0546875,0.0234375,0.09375,0.0078125,0.03125,0.0234375,0.078125,0.03125,0.0625,0.015625,0.0390625,0.1015625,0.1015625,0.046875,0.078125,0.03125,0.0703125,119.96,170,6.813,16.085,3.552,61.103,10140,6.813,16.085,3.552,162725.3,17.181,3220,970,945,30,10140,4975,22.592,62.128,73408.55,0.431,-1.518625866,1.510499873,20,114.7,0.26,56.18,2.441,128,615,9.609375,0.56962482,0.020377336,0.07566437,59.42,62.13,5,10140
seq5594@2,16.255,60407.709,4.074,0.398,0.219,0.193,0.51,-1.619,1.354,128,6.7328125,9,5,0.293644001,0.389396709,0.167058824,0.025041014,0.13222854,2.23E-06,0.025040393,18.8140625,0.693817056,3.489995117,1.739616699,34.7,44605,770,14607.2073,0.125,34.89921875,9.231437492,-0.54140625,0.0625,0.015625,0.0390625,0.0546875,0.0234375,0.1015625,0.0078125,0.03125,0.0234375,0.078125,0.03125,0.0625,0.015625,0.0390625,0.1015625,0.1015625,0.0390625,0.0703125,0.03125,0.0703125,134.63,149,7.351,17.892,0.435,62.834,10075,7.351,17.892,0.435,141524.16,16.236,3200,965,945,30,10075,4935,21.327,64.175,73048.03,0.494,-1.618501028,1.353601453,20,114.13,0.26,53.39,2.505,128,619,9.671875,0.555774087,0.019928173,0.076156496,62.64,64.18,5,10075
seq7214@2,14.695,41776.696,4.072,0.398,0.219,0.193,0.51,-1.615,1.482,128,6.1875,9,5,0.324662586,0.427139037,0.183990786,0.031230586,0.108307009,1.23E-05,0.031229608,26.3578125,0.526602975,3.13612793,1.447138132,47.1109375,65427,1195,14637.2333,0.125,34.38828125,9.231437492,-0.54609375,0.0625,0.015625,0.0390625,0.0546875,0.0234375,0.09375,0.0078125,0.0234375,0.0234375,0.078125,0.03125,0.0625,0.015625,0.0390625,0.1015625,0.1015625,0.046875,0.078125,0.03125,0.0703125,190.35,108,14.781,13.812,5.485,57.532,10095,14.781,13.812,5.485,94925.73,14.616,3205,970,945,30,10095,4945,19.185,58.476,73198.16,0.719,-1.61509947,1.481999379,20,114.37,0.25,53.66,2.406,128,608,9.5,0.567401479,0.021049127,0.07480315,48.36,58.48,5,10095
seq16009@2,16.572,66978.058,4.077,0.406,0.219,0.192,0.509,-1.569,1.454,128,7.1046875,10,5,0.287116801,0.381492537,0.149894441,0.025332599,0.127262279,1.92E-07,0.025332004,17.496875,0.717163934,3.580039063,1.889414061,32.734375,41581,687,14649.287,0.125,34.89921875,9.231437492,-0.50546875,0.0625,0.015625,0.0390625,0.0546875,0.0234375,0.09375,0.0078125,0.03125,0.0234375,0.078125,0.03125,0.0625,0.015625,0.0390625,0.1015625,0.1015625,0.0390625,0.078125,0.03125,0.0703125,127.13,159,5.075,17.978,0.778,61.282,10120,5.075,17.978,0.778,163501.11,16.521,3215,965,945,30,10120,4965,21.728,61.998,73258.42,0.433,-1.569249057,1.454053479,20,114.46,0.37,55.82,2.486,128,610,9.53125,0.559962824,0.021070608,0.075049213,59.77,62,5,10120
seq5@3029,17.865,80125.892,4.082,0.398,0.227,0.191,0.509,-1.584,1.537,128,7.6984375,10,6,0.267187907,0.353624792,0.143241426,0.025681877,0.124280273,7.62E-08,0.025680308,16.6453125,0.693924833,3.879267578,2.657620948,30.825,39536,702,14555.1428,0.1171875,34.39765625,8.028264046,-0.48828125,0.0546875,0.015625,0.0390625,0.0703125,0.015625,0.09375,0.0078125,0.0390625,0.03125,0.078125,0.0234375,0.0625,0.0234375,0.03125,0.0859375,0.1015625,0.0390625,0.0859375,0.03125,0.0703125,121.89,173,2.405,15.82,-1.61,65.195,10065,2.405,15.82,-1.61,181131.88,17.803,3205,980,915,25,10065,4940,23.206,66.003,72772.47,0.384,-1.58440717,1.536849877,20,113.7,0.3,58.93,2.325,128,612,9.5625,0.565945123,0.020980776,0.075295276,62.69,66,5,10065
seq3866@2,18.121,71606.932,4.106,0.406,0.211,0.19,0.51,-1.551,1.554,128,7.2671875,9,5,0.259109883,0.351485149,0.158207477,0.022370151,0.137809712,1.64E-06,0.022369434,16.3625,0.733221615,3.970844727,2.574223212,29.9953125,40407,750,14478.0603,0.1171875,34.39765625,8.035162163,-0.43671875,0.0625,0.015625,0.0390625,0.0625,0.015625,0.09375,0.015625,0.0390625,0.03125,0.078125,0.0234375,0.0625,0.0234375,0.03125,0.078125,0.1015625,0.0390625,0.0859375,0.03125,0.0703125,118.72,158,7.488,15.202,1.658,63.159,10005,7.488,15.202,1.658,164962.84,18.058,3195,970,910,25,10005,4905,23.598,64.883,72387.04,0.407,-1.550531525,1.554046841,20,113.1,0.13,58.58,2.359,128,614,9.59375,0.565136643,0.020989564,0.075541339,63.04,64.88,5,10005
seq4680@4,16.257,58178.892,4.058,0.406,0.211,0.191,0.508,-1.545,1.525,128,6.646875,9,5,0.292793406,0.39202454,0.169721116,0.024885753,0.123683835,7.40E-07,0.024885391,19.1109375,0.708837383,3.5,1.775126953,34.8125,44741,807,14467.084,0.1171875,34.03515625,8.984781456,-0.42734375,0.0625,0.015625,0.03125,0.0625,0.015625,0.1015625,0.0078125,0.0390625,0.0234375,0.078125,0.0234375,0.0625,0.0234375,0.03125,0.09375,0.1015625,0.0390625,0.0859375,0.03125,0.0703125,136.92,141,4.71,17.768,1.028,64.388,10025,4.71,17.768,1.028,137524.08,16.176,3185,960,925,25,10025,4930,21.312,65.984,72342.29,0.495,-1.545478877,1.525385117,20,113.03,0.3,55.15,2.486,128,613,9.578125,0.563375904,0.020966129,0.075418307,58.2,65.98,5,10025
seq13919@4,17.448,71027.351,4.06,0.406,0.219,0.191,0.507,-1.51,1.443,128,7.3078125,10,5,0.271159745,0.36535163,0.157505546,0.023122706,0.133531075,1.12E-06,0.023122399,16.8828125,0.728780235,3.798544922,2.30665218,31.2375,40197,772,14449.0639,0.109375,33.06953125,8.618729973,-0.4359375,0.0625,0.015625,0.0390625,0.0625,0.0078125,0.09375,0.0078125,0.0390625,0.03125,0.078125,0.0234375,0.0625,0.0234375,0.03125,0.0859375,0.1015625,0.0390625,0.09375,0.03125,0.0703125,123.55,159,9.597,15.001,1.093,61.492,10020,9.597,15.001,1.093,174962.25,17.401,3175,970,915,25,10020,4935,22.774,62.717,72247.13,0.385,-1.509831897,1.443195629,20,112.88,0.34,55.82,2.405,128,612,9.5625,0.567546343,0.020979799,0.075295276,61.48,62.72,5,10020
seq4449@12,16.941,76470.897,4.045,0.406,0.227,0.19,0.507,-1.565,1.518,128,7.1109375,10,5,0.278586828,0.373465809,0.159311892,0.024302633,0.130418574,7.52E-07,0.02430231,16.5390625,0.72984696,3.697275391,2.064969139,30.60625,37627,658,14516.1531,0.1171875,38.178125,8.96028347,-0.45703125,0.0625,0.015625,0.0390625,0.0625,0.015625,0.09375,0,0.0390625,0.03125,0.078125,0.0234375,0.0625,0.0234375,0.03125,0.09375,0.1015625,0.0390625,0.0859375,0.03125,0.0703125,117.2,168,4.407,16.709,2.403,62.031,10075,4.407,16.709,2.403,161255.97,16.861,3195,970,920,25,10075,4965,22.226,62.57,72587.62,0.432,-1.56494597,1.51773236,19,113.42,0.26,57.07,2.49,128,608,9.5,0.555087447,0.021100878,0.07480315,60.59,62.57,5,10075
seq4130@15,18.058,76920.51,4.071,0.398,0.219,0.192,0.509,-1.54,1.448,128,7.5375,10,5,0.262392807,0.351098901,0.149929611,0.022105945,0.142128655,7.05E-07,0.022104811,15.5296875,0.724410883,3.91706543,2.382999787,28.565625,35837,686,14471.0264,0.1171875,35.0609375,8.618729973,-0.48828125,0.0625,0.015625,0.0390625,0.0625,0.015625,0.09375,0.0078125,0.03125,0.03125,0.078125,0.0234375,0.0625,0.0234375,0.03125,0.0859375,0.109375,0.0390625,0.0859375,0.03125,0.0703125,111.34,166,9.605,14.166,0.923,66.4,10000,9.605,14.166,0.923,160192.8,18.007,3180,975,915,25,10000,4905,23.573,67.111,72356.94,0.428,-1.539612597,1.447694664,20,113.05,0.37,57.8,2.413,128,618,9.65625,0.56289869,0.020424205,0.076033465,63.15,67.11,5,10000
seq1967@5,17.742,77830.874,4.045,0.406,0.227,0.19,0.507,-1.616,1.511,128,7.6375,10,6,0.266940678,0.355988858,0.148328691,0.023454033,0.136468139,1.67E-07,0.023453672,16.0125,0.72912851,3.858310547,2.428146755,29.565625,37799,685,14516.1531,0.1171875,38.178125,8.96028347,-0.45703125,0.0625,0.015625,0.0390625,0.0625,0.015625,0.09375,0,0.0390625,0.03125,0.078125,0.0234375,0.0625,0.0234375,0.03125,0.09375,0.1015625,0.0390625,0.0859375,0.03125,0.0703125,115.68,178,10.721,13.882,-3.97,66.749,10075,10.721,13.882,-3.97,198677.95,17.667,3195,970,920,25,10075,4965,23.132,67.978,72587.62,0.348,-1.615812931,1.511461445,19,113.42,0.36,59,2.378,128,600,9.375,0.555503091,0.021213169,0.073818898,65.33,67.98,5,10075
seq2765@7,17.938,81687.677,4.081,0.398,0.219,0.191,0.509,-1.527,1.437,128,8.021875,11,6,0.264815747,0.35421286,0.132462687,0.023907519,0.13123018,2.63E-08,0.023906726,15.9578125,0.718874601,3.902348633,2.522070656,29.6640625,37121,677,14485.053,0.1171875,33.88671875,8.618729973,-0.4875,0.0625,0.015625,0.0390625,0.0625,0.015625,0.09375,0.0078125,0.03125,0.03125,0.078125,0.0234375,0.0625,0.0234375,0.03125,0.0859375,0.1015625,0.046875,0.0859375,0.03125,0.0703125,115.6,179,2.935,15.917,0.22,68.043,10015,2.935,15.917,0.22,171248.38,17.866,3185,975,915,25,10015,4915,23.384,68.655,72427.07,0.407,-1.52684182,1.436559178,20,113.16,0.52,62.51,2.374,128,611,9.546875,0.562184387,0.020920237,0.075172244,55.81,68.66,5,10015
seq2275@5,15.129,45853.68,4.081,0.414,0.219,0.189,0.509,-1.547,1.422,128,6.1265625,8,5,0.316488327,0.410141207,0.188662533,0.030100208,0.116292218,1.71E-05,0.03009918,24.871875,0.556260365,3.227285156,1.57228677,44.1515625,60333,1202,14546.1773,0.125,35.36171875,8.60209713,-0.4296875,0.0625,0.015625,0.0390625,0.0625,0.015625,0.09375,0.0078125,0.0390625,0.03125,0.078125,0.0234375,0.0546875,0.0234375,0.03125,0.0859375,0.1015625,0.0390625,0.0859375,0.03125,0.078125,176.36,115,-3.912,18.393,-1.394,59.59,10075,-3.912,18.393,-1.394,116949.81,15.057,3220,970,910,25,10075,4950,19.76,60.399,72732.65,0.581,-1.546869853,1.422027156,20,113.64,0.17,52.47,2.413,128,615,9.609375,0.556219302,0.020679056,0.07566437,53.45,60.4,5,10075
seq362@16,17.154,71873.385,4.087,0.406,0.227,0.19,0.509,-1.516,1.458,128,7.6203125,10,5,0.277192835,0.369577791,0.139886165,0.0253398,0.124830999,7.57E-08,0.025328458,17.2859375,0.684345778,3.723144531,2.312442846,32.1265625,40460,747,14498.0915,0.1171875,34.39765625,8.028135109,-0.446875,0.0625,0.015625,0.046875,0.0625,0.015625,0.09375,0.0078125,0.0390625,0.03125,0.078125,0.0234375,0.0546875,0.0234375,0.03125,0.0859375,0.1015625,0.0390625,0.0859375,0.03125,0.0703125,126.57,168,9.222,14.176,5.819,64.106,10030,9.222,14.176,5.819,154990.34,17.087,3195,975,910,25,10030,4925,22.348,64.605,72487.2,0.446,-1.51600362,1.457583341,20,113.26,0.52,59.29,2.367,128,606,9.46875,0.56191881,0.021098925,0.074557087,58.12,64.61,5,10030
seq518@4,16.762,70649.955,4.097,0.406,0.219,0.19,0.508,-1.519,1.51,128,7.309375,10,5,0.284076563,0.375882353,0.158994775,0.025932561,0.130350622,2.58E-07,0.025931842,18.5828125,0.676814314,3.633964844,2.175471389,33.96875,44957,801,14481.1073,0.1171875,34.7546875,8.636265373,-0.41484375,0.0625,0.015625,0.0390625,0.0625,0.0234375,0.09375,0.0078125,0.0390625,0.03125,0.078125,0.0234375,0.0625,0.0234375,0.03125,0.0859375,0.1015625,0.0390625,0.0859375,0.03125,0.0625,133.93,153,2.06,17.698,0.568,64.309,10035,2.06,17.698,0.568,175882.61,16.676,3195,965,915,25,10035,4935,21.856,65.84,72407.33,0.394,-1.519357506,1.510069065,20,113.13,0.29,56.25,2.386,128,606,9.46875,0.552130248,0.02083431,0.074557087,62.77,65.84,5,10035
seq59@11,18.057,77760.43,4.078,0.398,0.219,0.191,0.508,-1.532,1.528,128,7.51875,10,6,0.260935853,0.352649007,0.152870813,0.02182087,0.138166496,6.18E-07,0.021820125,15.1,0.734136134,3.938022461,2.397433199,28.028125,35058,629,14421.0108,0.109375,36.259375,8.636265373,-0.44296875,0.0625,0.015625,0.0390625,0.0625,0.015625,0.09375,0.0078125,0.0390625,0.03125,0.078125,0.0234375,0.0625,0.0234375,0.03125,0.0859375,0.109375,0.0390625,0.0859375,0.03125,0.0625,109.28,175,8.907,14.699,-1.798,65.337,9990,8.907,14.699,-1.798,178990.5,17.978,3165,970,915,25,9990,4915,23.605,67.041,72106.87,0.379,-1.531732741,1.52841189,20,112.66,0.41,59.3,2.429,128,616,9.625,0.567344136,0.020348042,0.075787402,66.44,67.04,5,9990
seq2442@4,17.747,78734.607,4.097,0.398,0.219,0.191,0.508,-1.503,1.399,128,7.65625,11,6,0.266293282,0.358988764,0.14888164,0.023253321,0.141004552,7.95E-07,0.023252928,15.5828125,0.726983603,3.87449707,2.407955069,28.81875,35534,659,14437.0764,0.109375,34.7546875,8.520286751,-0.4171875,0.0625,0.0234375,0.0390625,0.0625,0.015625,0.09375,0.0078125,0.0390625,0.03125,0.078125,0.0234375,0.0625,0.0234375,0.03125,0.0859375,0.1015625,0.0390625,0.0859375,0.03125,0.0625,112.28,186,2.408,16.63,-0.02,67.83,9990,2.408,16.63,-0.02,191085.75,17.666,3165,965,915,30,9990,4915,23.172,69.158,72187.22,0.361,-1.503366096,1.39936722,20,112.79,0.23,64.24,2.411,128,598,9.34375,0.560092772,0.021144818,0.073572835,65.89,69.16,5,9990
seq2700@12,16.127,61555.602,4.103,0.398,0.219,0.191,0.508,-1.474,1.474,128,6.9859375,9,5,0.292193258,0.387272727,0.15323741,0.026913168,0.120620364,1.34E-07,0.026911967,20.421875,0.631959992,3.52543457,2.017009333,36.98125,48770,902,14471.0728,0.109375,35.71875,8.637232399,-0.46171875,0.0625,0.015625,0.0390625,0.0625,0.015625,0.09375,0.015625,0.0390625,0.03125,0.078125,0.0234375,0.0625,0.0234375,0.03125,0.0859375,0.1015625,0.0390625,0.0859375,0.03125,0.0625,145.32,154,2.683,18.167,-2.686,61.592,10020,2.683,18.167,-2.686,138744.8,16.061,3180,965,925,25,10020,4925,21.083,62.848,72357.2,0.498,-1.473969916,1.474176301,20,113.06,0.06,54.16,2.427,128,609,9.515625,0.559395032,0.020909496,0.074926181,60.99,62.85,5,10020
seq1723@3,17.233,76394.552,4.088,0.398,0.227,0.192,0.509,-1.54,1.492,128,7.4,10,5,0.274273695,0.365142857,0.151565465,0.02548502,0.124572116,7.79E-08,0.025483882,16.8828125,0.691183946,3.763720703,2.316926,31.5546875,39784,729,14449.0209,0.109375,36.015625,8.036773872,-0.4640625,0.0625,0.015625,0.046875,0.0625,0.015625,0.09375,0.0078125,0.0390625,0.03125,0.078125,0.0234375,0.0625,0.0234375,0.03125,0.0859375,0.1015625,0.0390625,0.0859375,0.03125,0.0625,123.99,168,4.599,16.673,-0.825,65.555,9995,4.599,16.673,-0.825,155952.06,17.18,3170,975,915,25,9995,4910,22.487,66.323,72241.88,0.428,-1.539929547,1.49198158,20,112.88,0.18,59.88,2.401,128,599,9.359375,0.563489288,0.021178017,0.073695866,57.03,66.32,5,9995
seq5635@4,17.445,68740.886,4.062,0.406,0.219,0.191,0.509,-1.56,1.49,128,7.265625,10,5,0.272571865,0.366189112,0.15472155,0.023309118,0.132666174,4.49E-07,0.023308774,16.5859375,0.733753461,3.776933594,2.222751144,30.640625,39101,701,14513.1061,0.1171875,39.5265625,8.60209713,-0.47890625,0.0625,0.015625,0.0390625,0.0625,0.0078125,0.09375,0.0078125,0.0390625,0.03125,0.078125,0.0234375,0.0625,0.0234375,0.03125,0.0859375,0.1015625,0.0390625,0.0859375,0.03125,0.078125,120.5,159,6.494,16.359,-1.24,60.652,10045,6.494,16.359,-1.24,168654.98,17.383,3195,975,915,25,10045,4935,22.79,61.55,72567.33,0.412,-1.560423828,1.490411994,20,113.38,0.05,55.72,2.418,128,615,9.609375,0.562176105,0.02093293,0.07566437,59.66,61.55,5,10045
seq3103@3,17.625,77319.549,4.078,0.398,0.219,0.192,0.508,-1.627,1.443,128,7.2609375,10,5,0.26917204,0.359594823,0.155891681,0.023795933,0.131236528,3.26E-07,0.023795569,16.2765625,0.721446979,3.826386719,2.318901397,29.909375,37188,644,14453.0758,0.109375,35.7484375,8.507328606,-0.44921875,0.0625,0.0234375,0.0390625,0.0625,0.0078125,0.09375,0.0078125,0.0390625,0.03125,0.078125,0.0234375,0.0625,0.0234375,0.03125,0.0859375,0.1015625,0.0390625,0.0859375,0.03125,0.0703125,115.19,170,8.19,15.134,0.85,64.704,9995,8.19,15.134,0.85,190934.72,17.553,3165,970,915,30,9995,4915,23.024,66.159,72267.22,0.353,-1.627402197,1.442929396,20,112.91,0.21,57.3,2.41,128,607,9.484375,0.556606414,0.020589223,0.074680118,62.9,66.16,5,9995
seq245@6,17.074,74463.574,4.058,0.398,0.219,0.192,0.508,-1.46,1.538,128,7.8625,10,6,0.280630321,0.372812135,0.132793017,0.026289727,0.124114392,3.12E-08,0.026288611,18.796875,0.661968296,3.688969727,2.404056067,34.1578125,43902,819,14437.0102,0.109375,34.24375,8.618729973,-0.475,0.0625,0.015625,0.0390625,0.0625,0.0078125,0.09375,0.0078125,0.0390625,0.03125,0.078125,0.0234375,0.0625,0.0234375,0.03125,0.0859375,0.109375,0.0390625,0.0859375,0.03125,0.0703125,136.19,159,12.271,12.884,3.519,64.36,9995,12.271,12.884,3.519,192411.08,16.983,3165,975,915,25,9995,4915,22.189,65.839,72186.87,0.359,-1.459616792,1.53833931,20,112.79,0.32,56.54,2.337,128,614,9.59375,0.554755574,0.020944648,0.075541339,61.52,65.84,5,9995
seq1374@3,18.173,86946.428,4.081,0.406,0.211,0.19,0.509,-1.501,1.427,128,7.7296875,10,5,0.25751536,0.349753695,0.141309155,0.023081913,0.142062994,3.09E-07,0.023081226,14.73125,0.727268491,4.009682617,2.591610348,27.403125,33947,659,14427.9983,0.1171875,34.2140625,8.028135109,-0.41796875,0.0625,0.015625,0.0390625,0.0625,0.015625,0.09375,0.0078125,0.0390625,0.03125,0.078125,0.0234375,0.0625,0.0234375,0.03125,0.078125,0.109375,0.0390625,0.0859375,0.03125,0.0703125,106.33,183,4.887,15.731,-1.211,66.955,9975,4.887,15.731,-1.211,185141.14,18.129,3180,975,900,25,9975,4895,23.748,67.539,72136.71,0.367,-1.501243082,1.426600433,20,112.71,0.34,59.35,2.415,128,612,9.5625,0.568874008,0.020913401,0.075295276,61.29,67.54,5,9975
seq563@3,17.913,71830.054,4.1,0.406,0.211,0.19,0.509,-1.488,1.392,128,7.29375,10,6,0.266087205,0.35678392,0.158718331,0.023168349,0.131224801,4.18E-06,0.023167909,16.4296875,0.725401921,3.870249023,2.378941051,30.2921875,39384,755,14444.0639,0.1171875,36.7609375,7.959282875,-0.3921875,0.0625,0.0234375,0.0390625,0.0625,0.015625,0.09375,0.0078125,0.0390625,0.03125,0.078125,0.0234375,0.0625,0.0234375,0.03125,0.078125,0.1015625,0.0390625,0.0859375,0.03125,0.0703125,118.38,143,7.122,14.842,3.939,69.839,9975,7.122,14.842,3.939,180871.42,17.855,3180,970,900,30,9975,4895,23.342,71.445,72217.06,0.381,-1.487967424,1.391761378,20,112.84,0.11,61.46,2.386,128,611,9.546875,0.573321709,0.021036433,0.075172244,62.96,71.44,5,9975
seq1831@17,16.402,69919.671,4.096,0.406,0.219,0.191,0.509,-1.594,1.445,128,7.0421875,9,5,0.288849307,0.385869565,0.163888176,0.026303492,0.12426485,1.15E-06,0.026303095,18.5046875,0.69005388,3.568154297,1.98165382,34.35625,44419,793,14529.1717,0.1171875,33.80859375,8.618729973,-0.46484375,0.0625,0.015625,0.0390625,0.0625,0.015625,0.09375,0.0078125,0.0390625,0.03125,0.078125,0.03125,0.0625,0.0234375,0.03125,0.0859375,0.1015625,0.0390625,0.078125,0.03125,0.0703125,134.89,157,10.927,15.308,0.598,62.53,10045,10.927,15.308,0.598,155484.27,16.32,3195,970,915,30,10045,4935,21.453,63.834,72647.68,0.444,-1.594100355,1.445406352,20,113.51,0.29,57.55,2.438,128,602,9.40625,0.558245921,0.021126265,0.074064961,60.43,63.83,5,10045
seq4672@3,18.01,78159.413,4.083,0.406,0.219,0.19,0.508,-1.503,1.432,128,7.34375,9,5,0.264182856,0.350328947,0.157272951,0.022964213,0.136612887,1.43E-06,0.022963352,16.04375,0.717795641,3.896357422,2.438340247,29.6625,37490,729,14511.1333,0.1171875,35.90234375,8.618729973,-0.45,0.0625,0.015625,0.0390625,0.0625,0.015625,0.09375,0.0078125,0.0390625,0.03125,0.0859375,0.0234375,0.0625,0.0234375,0.03125,0.0859375,0.1015625,0.0390625,0.078125,0.03125,0.0703125,116.33,163,9.088,14.136,3,64.303,10055,9.088,14.136,3,174613.66,17.914,3200,970,915,25,10055,4945,23.478,65.947,72557.46,0.39,-1.503312105,1.432176624,20,113.37,0.3,59.43,2.371,128,620,9.6875,0.564714929,0.020179118,0.076279528,57.7,65.95,5,10055
seq1541@3,18.076,73381.525,4.088,0.398,0.227,0.192,0.509,-1.515,1.395,128,7.25625,9,5,0.259308615,0.350328947,0.167496723,0.022268704,0.135332942,9.05E-06,0.022268136,16.3859375,0.707054251,3.963125,2.507995703,29.8984375,38742,743,14449.0209,0.109375,33.43359375,8.036773872,-0.4640625,0.0625,0.015625,0.046875,0.0625,0.015625,0.09375,0.0078125,0.0390625,0.03125,0.078125,0.0234375,0.0625,0.0234375,0.03125,0.0859375,0.1015625,0.0390625,0.0859375,0.03125,0.0625,116.86,160,7.986,14.687,2.739,63.987,9995,7.986,14.687,2.739,161327.6,18.008,3170,975,915,25,9995,4910,23.58,65.087,72241.88,0.426,-1.514952341,1.394957048,20,112.88,0.42,56.97,2.391,128,607,9.484375,0.566270578,0.020413464,0.074680118,62.53,65.09,5,9995
seq1902@2,17.257,75089.488,4.103,0.398,0.219,0.191,0.508,-1.557,1.413,128,7.4015625,10,5,0.275242673,0.368724755,0.151314232,0.024559752,0.130566689,4.35E-07,0.024559134,16.1375,0.726272084,3.74402832,2.169014632,30.2765625,37328,644,14471.0728,0.109375,36.86640625,8.637232399,-0.46171875,0.0625,0.015625,0.0390625,0.0625,0.015625,0.09375,0.015625,0.0390625,0.03125,0.078125,0.0234375,0.0625,0.0234375,0.03125,0.0859375,0.1015625,0.0390625,0.0859375,0.03125,0.0625,117.06,175,4.645,16.456,1.966,62.857,10020,4.645,16.456,1.966,177783.73,17.186,3180,965,925,25,10020,4925,22.584,64.363,72357.2,0.4,-1.556911324,1.412928488,20,113.06,0.13,57.49,2.446,128,614,9.59375,0.555238035,0.020876297,0.075541339,59.78,64.36,5,10020
seq1365@5,17.889,71075.297,4.081,0.406,0.211,0.19,0.509,-1.53,1.488,128,7.4234375,10,5,0.264592195,0.351872247,0.156043956,0.022960479,0.139183299,1.53E-06,0.022959772,17.1515625,0.699452062,3.89003418,2.506437792,31.321875,40911,739,14427.9983,0.1171875,34.39765625,8.028135109,-0.41796875,0.0625,0.015625,0.0390625,0.0625,0.015625,0.09375,0.0078125,0.0390625,0.03125,0.078125,0.0234375,0.0625,0.0234375,0.03125,0.078125,0.109375,0.0390625,0.0859375,0.03125,0.0703125,122.51,155,6.931,15.242,-3.915,66.227,9975,6.931,15.242,-3.915,162127.3,17.819,3180,975,900,25,9975,4895,23.257,66.946,72136.71,0.423,-1.530329951,1.488398202,20,112.71,0.27,60.63,2.325,128,616,9.625,0.571607212,0.020650739,0.075787402,53.1,66.95,5,9975
seq1097@6,18.103,81657.539,4.1,0.406,0.211,0.19,0.509,-1.541,1.535,128,7.5875,10,6,0.260135363,0.352066116,0.155739703,0.024703453,0.128161409,6.19E-07,0.024702974,15.2453125,0.721264473,3.962626953,2.531034896,27.903125,34248,576,14444.0639,0.1171875,35.90234375,7.959282875,-0.3921875,0.0625,0.0234375,0.0390625,0.0625,0.015625,0.09375,0.0078125,0.0390625,0.03125,0.078125,0.0234375,0.0625,0.0234375,0.03125,0.078125,0.1015625,0.0390625,0.0859375,0.03125,0.0703125,108.7,172,8.415,16.817,-0.968,69.749,9975,8.415,16.817,-0.968,205723.36,18.052,3180,970,900,30,9975,4895,23.615,70.679,72217.06,0.339,-1.541437356,1.535312215,20,112.84,0.57,61.94,2.393,128,613,9.578125,0.553416852,0.020177165,0.075418307,62.27,70.68,5,9975
seq1904@2,17.713,82204.157,4.083,0.398,0.219,0.191,0.508,-1.477,1.353,128,7.0578125,9,5,0.26920086,0.36203966,0.16359447,0.023039869,0.137175743,1.66E-06,0.023039489,16.0625,0.73746584,3.828476563,2.293187132,29.6328125,36941,648,14448.0361,0.109375,34.98671875,8.636265373,-0.4640625,0.0625,0.015625,0.0390625,0.0625,0.015625,0.09375,0.0078125,0.0390625,0.03125,0.078125,0.0234375,0.0703125,0.0234375,0.03125,0.0859375,0.1015625,0.0390625,0.0859375,0.03125,0.0625,115.41,176,7.716,15.389,0.929,64.733,10005,7.716,15.389,0.929,205131.75,17.655,3170,970,920,25,10005,4920,23.127,66.493,72242.01,0.335,-1.477200124,1.352519544,20,112.88,0.25,57.6,2.414,128,611,9.546875,0.55193305,0.020945624,0.075172244,66.03,66.49,5,10005
seq105@6,17.135,68935.277,4.103,0.398,0.219,0.191,0.508,-1.509,1.481,128,7.0703125,10,5,0.27495478,0.366609294,0.161038306,0.023756074,0.128462259,9.51E-07,0.023755811,17.75,0.726856706,3.750771484,2.247641006,32.4,41607,767,14471.0728,0.109375,34.98671875,8.637232399,-0.46171875,0.0625,0.015625,0.0390625,0.0625,0.015625,0.09375,0.015625,0.0390625,0.03125,0.078125,0.0234375,0.0625,0.0234375,0.03125,0.0859375,0.1015625,0.0390625,0.0859375,0.03125,0.0625,126.71,149,6.727,16.474,1.242,65.287,10020,6.727,16.474,1.242,165589.02,17.079,3180,965,925,25,10020,4925,22.388,66.568,72357.2,0.41,-1.508858296,1.480677654,20,113.06,0.25,54.87,2.431,128,613,9.578125,0.570313671,0.020856768,0.075418307,65.53,66.57,5,10020
seq3317@2,17.552,71469.062,4.073,0.414,0.211,0.189,0.507,-1.532,1.449,128,7.121875,9,5,0.271406226,0.367875648,0.161813117,0.023821919,0.127899402,1.10E-06,0.023821472,17.315625,0.701600709,3.790654297,2.301418517,31.1453125,39932,726,14481.1503,0.1171875,33.80859375,8.960799217,-0.38671875,0.0625,0.015625,0.03125,0.0625,0.015625,0.09375,0.0078125,0.0390625,0.03125,0.078125,0.0234375,0.0625,0.0234375,0.03125,0.0859375,0.1015625,0.0390625,0.09375,0.03125,0.0703125,120.84,166,8.047,15.761,-0.711,63.912,10060,8.047,15.761,-0.711,174948.31,17.449,3200,960,915,25,10060,4960,22.905,65.326,72412.58,0.395,-1.531983321,1.449213608,20,113.14,0.27,56.55,2.388,128,626,9.78125,0.572174505,0.020457404,0.077017717,60.31,65.33,5,10060
seq737@3,17.412,66260.849,4.072,0.406,0.211,0.19,0.508,-1.513,1.473,128,7.0640625,10,5,0.26923594,0.359797297,0.172702703,0.022310139,0.140542386,3.83E-06,0.022309925,16.059375,0.747238565,3.814663086,2.20751058,29.853125,37142,709,14439.0706,0.1171875,33.07109375,8.960799217,-0.42265625,0.0625,0.015625,0.03125,0.0625,0.015625,0.1015625,0.0078125,0.0390625,0.03125,0.078125,0.0234375,0.0625,0.0234375,0.03125,0.0859375,0.1015625,0.0390625,0.0859375,0.03125,0.0703125,116.02,160,5.13,15.135,5.612,63.736,10015,5.13,15.135,5.612,140990.78,17.327,3185,960,915,25,10015,4930,22.781,64.599,72202.19,0.48,-1.512973432,1.472595164,20,112.81,0.17,58.3,2.439,128,616,9.625,0.558131712,0.019999453,0.075787402,50.91,64.6,5,10015
seq3783@2,17.099,59196.734,4.087,0.406,0.219,0.19,0.508,-1.522,1.49,128,6.875,9,5,0.27966771,0.370864771,0.17172803,0.024524035,0.138138664,9.11E-06,0.024523695,18.234375,0.706419744,3.669165039,2.086080455,33.1734375,43318,798,14484.108,0.1171875,34.39765625,8.618729973,-0.425,0.0625,0.015625,0.0390625,0.0625,0.015625,0.09375,0.0078125,0.0390625,0.03125,0.078125,0.0234375,0.0546875,0.0234375,0.03125,0.0859375,0.1015625,0.046875,0.0859375,0.03125,0.0703125,131.21,135,7.451,14.132,7.004,65.026,10040,7.451,14.132,7.004,124576.65,17.031,3195,970,910,25,10040,4940,22.274,66.702,72422.32,0.54,-1.522309649,1.490207845,20,113.16,0.37,56.94,2.368,128,611,9.546875,0.557179929,0.020524778,0.075172244,46.61,66.7,5,10040
seq607@7,17.717,70841.869,4.087,0.414,0.219,0.189,0.507,-1.465,1.478,128,7.1296875,9,5,0.265683903,0.356584821,0.16745283,0.022566189,0.130086339,2.56E-06,0.02256561,16.3859375,0.722751112,3.865087891,2.331974504,30.259375,38517,743,14496.1617,0.1171875,34.39765625,8.618729973,-0.384375,0.0625,0.015625,0.0390625,0.0625,0.015625,0.09375,0.0078125,0.046875,0.03125,0.078125,0.0234375,0.0546875,0.0234375,0.03125,0.0859375,0.1015625,0.0390625,0.0859375,0.03125,0.0703125,117.25,166,7.275,15.908,-0.626,64.866,10065,7.275,15.908,-0.626,168859.69,17.609,3205,965,910,25,10065,4960,23.157,65.994,72482.58,0.402,-1.464677293,1.478260942,20,113.25,0.39,54.37,2.426,128,612,9.5625,0.558467271,0.020436899,0.075295276,62.63,65.99,5,10065
seq5323@2,16.782,73252.079,4.077,0.406,0.219,0.19,0.508,-1.594,1.372,128,7.01875,9,5,0.283060032,0.372377622,0.166840731,0.02441502,0.127399589,3.93E-07,0.024414095,17.178125,0.704023571,3.634907227,2.010950431,32.1796875,40063,738,14470.0814,0.1171875,34.39765625,8.618729973,-0.42578125,0.0625,0.015625,0.0390625,0.0625,0.015625,0.09375,0.0078125,0.0390625,0.03125,0.078125,0.0234375,0.0546875,0.0234375,0.03125,0.0859375,0.109375,0.0390625,0.0859375,0.03125,0.0703125,124.7,171,10.728,14.36,3.608,63.998,10025,10.728,14.36,3.608,169593.39,16.711,3190,970,910,25,10025,4930,21.969,65.351,72352.19,0.396,-1.594010742,1.371613888,20,113.05,0.18,56.04,2.454,128,616,9.625,0.564401874,0.020612658,0.075787402,59.77,65.35,5,10025
seq2125@5,17.459,77426.73,4.077,0.406,0.219,0.19,0.508,-1.547,1.553,128,7.4453125,10,6,0.271143385,0.360609481,0.155701754,0.025005363,0.123722019,6.31E-07,0.025004409,16.546875,0.722055066,3.815541992,2.414896142,30.603125,38607,684,14470.0814,0.1171875,34.39765625,8.618729973,-0.42578125,0.0625,0.015625,0.0390625,0.0625,0.015625,0.09375,0.0078125,0.0390625,0.03125,0.078125,0.0234375,0.0546875,0.0234375,0.03125,0.0859375,0.109375,0.0390625,0.0859375,0.03125,0.0703125,121.26,177,4.008,16.552,0.107,66.911,10025,4.008,16.552,0.107,174267.75,17.357,3190,970,910,25,10025,4930,22.763,68.151,72352.19,0.39,-1.54678751,1.552664645,20,113.05,0.45,61.1,2.375,128,605,9.453125,0.550092182,0.020464239,0.074434055,63.01,68.15,5,10025
seq7265@2,17.935,76650.947,4.073,0.414,0.211,0.189,0.507,-1.487,1.452,128,7.8328125,10,6,0.265603663,0.360406091,0.137330754,0.025192908,0.127722795,4.53E-08,0.025191984,16.9578125,0.685724634,3.888828125,2.594867377,31.3359375,42102,818,14481.1503,0.1171875,32.84453125,8.960799217,-0.38671875,0.0625,0.015625,0.03125,0.0625,0.015625,0.09375,0.0078125,0.0390625,0.03125,0.078125,0.0234375,0.0625,0.0234375,0.03125,0.0859375,0.1015625,0.0390625,0.09375,0.03125,0.0703125,124.3,168,2.165,15.664,1.348,68.891,10060,2.165,15.664,1.348,193218.12,17.87,3200,960,915,25,10060,4960,23.274,70.245,72412.58,0.359,-1.487345454,1.452160712,20,113.14,0.14,59.97,2.317,128,607,9.484375,0.555090179,0.020632187,0.074680118,61.83,70.25,5,10060
seq461@8,17.303,70361.021,4.072,0.406,0.211,0.19,0.508,-1.525,1.426,128,7.5140625,11,6,0.275860104,0.370434783,0.147609148,0.024752715,0.134161216,3.16E-07,0.024751631,16.9875,0.710700467,3.736811523,2.267338271,31.578125,40025,722,14439.0706,0.1171875,32.7703125,8.960799217,-0.42265625,0.0625,0.015625,0.03125,0.0625,0.015625,0.1015625,0.0078125,0.0390625,0.03125,0.078125,0.0234375,0.0625,0.0234375,0.03125,0.0859375,0.1015625,0.0390625,0.0859375,0.03125,0.0703125,124.46,163,7.77,15.018,-5.196,69.399,10015,7.77,15.018,-5.196,162506.2,17.219,3185,960,915,25,10015,4930,22.526,70.048,72202.19,0.42,-1.525391462,1.426475639,20,112.81,0.35,61.88,2.362,128,610,9.53125,0.567039731,0.020890943,0.075049213,51.84,70.05,5,10015
seq9919@2,16.2,64469.129,4.078,0.398,0.219,0.191,0.508,-1.499,1.407,128,6.7390625,9,5,0.293965555,0.388213852,0.166666667,0.026549371,0.123522198,2.61E-06,0.026548741,19.5109375,0.668493211,3.502490234,1.921243799,35.8015625,45528,844,14421.0108,0.109375,36.7125,8.636265373,-0.44296875,0.0625,0.015625,0.0390625,0.0625,0.015625,0.09375,0.0078125,0.0390625,0.03125,0.078125,0.0234375,0.0625,0.0234375,0.03125,0.0859375,0.109375,0.0390625,0.0859375,0.03125,0.0625,140.63,154,2.684,17.294,-4.595,62.887,9990,2.684,17.294,-4.595,150789.44,16.11,3165,970,915,25,9990,4915,21.179,63.827,72106.87,0.461,-1.498772141,1.406684269,20,112.66,0.38,56.44,2.429,128,615,9.609375,0.564005526,0.020966129,0.07566437,61.08,63.83,5,9990
seq575@12,17.259,77489.935,4.097,0.398,0.219,0.191,0.508,-1.487,1.482,128,7.6265625,10,5,0.27247357,0.364102564,0.144602851,0.0240893,0.127835229,1.45E-07,0.024088496,16.796875,0.706970196,3.787949219,2.307231732,31.1,38841,749,14437.0764,0.109375,37.0578125,8.520286751,-0.4171875,0.0625,0.0234375,0.0390625,0.0625,0.015625,0.09375,0.0078125,0.0390625,0.03125,0.078125,0.0234375,0.0625,0.0234375,0.03125,0.0859375,0.1015625,0.0390625,0.0859375,0.03125,0.0625,119.69,172,2.657,16.543,1.402,65.394,9990,2.657,16.543,1.402,143079.78,17.202,3165,965,915,30,9990,4915,22.563,66.409,72187.22,0.47,-1.487176641,1.481869,20,112.79,0.32,57.5,2.436,128,611,9.546875,0.565181043,0.020965153,0.075172244,57.66,66.41,5,9990
seq10910@2,19.062,94035.011,4.088,0.414,0.219,0.19,0.508,-1.596,1.453,128,8.0453125,11,6,0.246868123,0.330745342,0.145957058,0.0217361,0.140795695,8.75E-07,0.021735477,12.865625,0.75135063,4.181445313,2.798737755,24.3125,29002,538,14481.1073,0.1171875,34.39765625,8.618729973,-0.4265625,0.0703125,0.015625,0.0390625,0.0625,0.015625,0.09375,0.0078125,0.0390625,0.03125,0.078125,0.0234375,0.0625,0.0234375,0.03125,0.0859375,0.09375,0.0390625,0.0859375,0.03125,0.0703125,93.01,207,8.882,14.914,-0.948,73.733,10035,8.882,14.914,-0.948,221737.73,19,3195,965,915,25,10035,4935,24.885,75.529,72407.33,0.312,-1.596331853,1.453361699,20,113.13,0.38,66.68,2.393,128,620,9.6875,0.573959157,0.020549189,0.076279528,66.94,75.53,5,10035
seq5907@2,15.367,48029.014,4.098,0.406,0.219,0.189,0.508,-1.508,1.455,128,6.38125,9,5,0.312860106,0.41066838,0.18362069,0.029513314,0.117790571,1.93E-05,0.029512723,23.33125,0.612441455,3.268139648,1.60768609,41.928125,56453,1108,14507.1446,0.1171875,37.40703125,8.618729973,-0.453125,0.0625,0.015625,0.0390625,0.0625,0.015625,0.09375,0.0078125,0.0390625,0.03125,0.078125,0.0234375,0.0625,0.03125,0.03125,0.0859375,0.09375,0.0390625,0.0859375,0.03125,0.0703125,168.11,121,16.175,11.392,3.659,62.856,10055,16.175,11.392,3.659,112204.2,15.274,3205,965,915,25,10055,4945,20.031,63.634,72537.51,0.593,-1.508470342,1.455258991,20,113.34,0.24,59.98,2.378,128,608,9.5,0.558912268,0.020857744,0.07480315,55.51,63.63,5,10055
seq1443@13,16.951,71602.208,4.081,0.398,0.219,0.191,0.509,-1.56,1.606,128,7.384375,10,5,0.280998808,0.370434783,0.153716623,0.026293303,0.122283183,2.30E-07,0.026292031,19.6203125,0.659234316,3.680473633,2.362077705,35.1890625,45947,827,14455.027,0.1171875,33.734375,8.618729973,-0.4828125,0.0625,0.015625,0.0390625,0.0625,0.015625,0.1015625,0.0078125,0.0390625,0.03125,0.078125,0.0234375,0.0625,0.0234375,0.03125,0.0859375,0.1015625,0.0390625,0.078125,0.03125,0.0703125,140.33,149,10.746,13.851,4.446,61.917,9995,10.746,13.851,4.446,193023.83,16.86,3180,970,915,25,9995,4905,22.022,62.425,72276.94,0.359,-1.559909719,1.606466975,20,112.93,0.19,59.42,2.319,128,617,9.640625,0.561994776,0.020657574,0.075910433,61.87,62.43,5,9995
seq11449@2,15.676,56915.699,4.086,0.406,0.219,0.191,0.509,-1.551,1.456,128,6.71875,9,5,0.304400763,0.401886792,0.165758755,0.027875814,0.119060747,1.32E-06,0.027875026,21.63125,0.623597052,3.368466797,1.737845501,39.33125,51175,961,14469.0536,0.1171875,34.39765625,8.618729973,-0.465625,0.0703125,0.015625,0.0390625,0.0625,0.015625,0.09375,0.0078125,0.0390625,0.03125,0.078125,0.0234375,0.0625,0.0234375,0.03125,0.0859375,0.1015625,0.0390625,0.078125,0.03125,0.0703125,155.63,138,1.503,18.801,-0.846,58.603,10010,1.503,18.801,-0.846,120802.93,15.607,3185,970,915,25,10010,4915,20.478,60.045,72347.07,0.562,-1.550641293,1.455957588,20,113.04,0.13,52.93,2.427,128,625,9.765625,0.567385869,0.020130296,0.076894685,59.11,60.05,5,10010
seq729@20,17.617,76032.476,4.086,0.406,0.219,0.191,0.509,-1.501,1.537,128,7.2140625,10,5,0.27049992,0.365142857,0.160835641,0.022582978,0.141266507,1.71E-06,0.022582545,15.8484375,0.736948278,3.803154297,2.224904113,29.60625,36985,684,14469.0536,0.1171875,34.39765625,8.618729973,-0.465625,0.0703125,0.015625,0.0390625,0.0625,0.015625,0.09375,0.0078125,0.0390625,0.03125,0.078125,0.0234375,0.0625,0.0234375,0.03125,0.0859375,0.1015625,0.0390625,0.078125,0.03125,0.0703125,115.12,166,5.745,15.155,5.026,62.182,10010,5.745,15.155,5.026,172907.83,17.546,3185,970,915,25,10010,4915,23.003,63.673,72347.07,0.396,-1.500607863,1.537013577,20,113.04,0.54,56.4,2.413,128,613,9.578125,0.556295397,0.020836263,0.075418307,54.43,63.67,5,10010
seq11838@2,17.426,72868.909,4.047,0.414,0.219,0.189,0.508,-1.557,1.488,128,7.5328125,10,5,0.274766951,0.366609294,0.147268956,0.024265336,0.13496712,6.69E-08,0.024264305,17.309375,0.700682872,3.760683594,2.410618283,32.1171875,40856,740,14523.1406,0.125,33.1140625,8.601130104,-0.43203125,0.0625,0.015625,0.0390625,0.0625,0.015625,0.09375,0,0.0390625,0.03125,0.078125,0.0234375,0.0625,0.0234375,0.03125,0.0859375,0.1015625,0.0390625,0.0859375,0.03125,0.078125,125.58,159,3.533,16.337,2.642,64.561,10060,3.533,16.337,2.642,181384.38,17.358,3210,975,905,25,10060,4945,22.663,66.223,72617.46,0.385,-1.556559495,1.487969557,19,113.46,0.38,59.61,2.335,128,608,9.5,0.556192505,0.021057915,0.07480315,59.69,66.22,5,10060
seq2533@7,17.578,80143.986,4.093,0.406,0.219,0.189,0.508,-1.506,1.506,128,7.903125,10,6,0.269616786,0.36535163,0.138461538,0.024329178,0.136199066,7.97E-08,0.02432807,16.0640625,0.702912275,3.835410156,2.446201199,30.1515625,37687,726,14469.0933,0.1171875,33.734375,8.602290535,-0.4421875,0.0625,0.015625,0.0390625,0.0625,0.015625,0.09375,0.0078125,0.0390625,0.0390625,0.078125,0.0234375,0.0625,0.0234375,0.03125,0.078125,0.1015625,0.0390625,0.0859375,0.03125,0.0703125,116.75,176,11.669,12.364,4.724,67.453,10030,11.669,12.364,4.724,191874.17,17.516,3195,970,905,25,10030,4935,22.934,68.844,72347.23,0.354,-1.50562619,1.505978955,20,113.04,0.51,58.97,2.4,128,608,9.5,0.555981172,0.020581412,0.07480315,64.1,68.84,5,10030
seq12065@2,17.997,78933.422,4.091,0.414,0.211,0.189,0.508,-1.506,1.495,128,7.375,10,5,0.261788395,0.351678591,0.163176711,0.02233559,0.137509746,1.86E-06,0.022335187,15.278125,0.750914268,3.935283203,2.458536346,28.7,35871,705,14454.0786,0.1171875,33.734375,8.028135109,-0.3765625,0.0625,0.015625,0.0390625,0.0625,0.015625,0.09375,0.0078125,0.046875,0.03125,0.078125,0.0234375,0.0625,0.0234375,0.03125,0.078125,0.1015625,0.0390625,0.0859375,0.03125,0.0703125,111.98,172,8.564,14.9,0.055,65.094,10015,8.564,14.9,0.055,177852.53,17.926,3195,970,900,25,10015,4925,23.493,65.094,72267.1,0.384,-1.505984634,1.494826096,20,112.91,0.26,60.65,2.4,128,603,9.421875,0.564724382,0.02107842,0.074187992,62.82,65.09,5,10015
seq454@12,16.985,66715.842,4.081,0.406,0.211,0.19,0.509,-1.576,1.524,128,7.0109375,9,5,0.280542438,0.371511628,0.164775658,0.024074441,0.12891247,1.93E-06,0.024074167,17.596875,0.724741504,3.663999023,2.038065258,32.090625,40183,748,14397.9723,0.1171875,34.39765625,8.028135109,-0.41484375,0.0625,0.015625,0.0390625,0.0625,0.015625,0.1015625,0.0078125,0.0390625,0.03125,0.078125,0.0234375,0.0625,0.0234375,0.03125,0.078125,0.1015625,0.0390625,0.0859375,0.03125,0.0703125,125.33,148,7.781,16.11,-0.784,65.233,9955,7.781,16.11,-0.784,155742.16,16.915,3175,970,900,25,9955,4885,22.203,67.082,71986.58,0.433,-1.575892651,1.524353564,20,112.48,0.25,56.28,2.441,128,601,9.390625,0.563867122,0.021174111,0.073941929,61.05,67.08,5,9955
seq12252@2,14.635,39987.222,4.073,0.406,0.219,0.191,0.51,-1.601,1.466,128,5.7328125,8,4,0.325087122,0.417647059,0.207669808,0.030873385,0.107398298,6.28E-05,0.030872575,25.7484375,0.542283545,3.130712891,1.400648515,46.2328125,62387,1194,14498.0484,0.1171875,36.94453125,6.87577877,-0.44375,0.0625,0.015625,0.0390625,0.0703125,0.015625,0.09375,0.0078125,0.0390625,0.0234375,0.078125,0.0234375,0.0625,0.0234375,0.03125,0.0859375,0.1015625,0.0390625,0.0859375,0.03125,0.0703125,186.27,107,16.869,10.824,4.032,57.052,10005,16.869,10.824,4.032,95301.77,14.583,3190,980,910,25,10005,4900,19.149,57.052,72481.95,0.695,-1.601288285,1.465909788,20,113.25,0.32,50.89,2.439,128,619,9.671875,0.548445652,0.019892045,0.076156496,49.94,57.05,5,10005
seq2394@10,21.685,110230.909,4.077,0.406,0.219,0.19,0.508,-1.463,1.374,128,9.5375,12,6,0.215163356,0.290454545,0.118994413,0.023212592,0.143293363,2.92E-09,0.023211141,12.7765625,0.7405085,4.848129883,5.194684491,23.7359375,30219,535,14470.0814,0.1171875,32.54765625,8.618729973,-0.42578125,0.0625,0.015625,0.0390625,0.0625,0.015625,0.09375,0.0078125,0.0390625,0.03125,0.078125,0.0234375,0.0546875,0.0234375,0.03125,0.0859375,0.109375,0.0390625,0.0859375,0.03125,0.0703125,93.9,199,5.424,10.425,3.181,79.048,10025,5.424,10.425,3.181,254839.89,21.592,3190,970,910,25,10025,4930,27.782,80.402,72352.19,0.267,-1.463108105,1.37405193,20,113.05,0.34,73.86,2.117,128,613,9.578125,0.549084292,0.01995649,0.075418307,61.21,80.4,5,10025
seq15220@2,17.769,71820.761,4.087,0.406,0.227,0.19,0.509,-1.565,1.477,128,7.7609375,10,6,0.265081366,0.357182784,0.139094471,0.022312453,0.136659462,8.65E-08,0.022311842,16.3796875,0.724470023,3.880385742,2.431253953,30.1625,38799,690,14498.0915,0.1171875,31.884375,8.028135109,-0.446875,0.0625,0.015625,0.046875,0.0625,0.015625,0.09375,0.0078125,0.0390625,0.03125,0.078125,0.0234375,0.0546875,0.0234375,0.03125,0.0859375,0.1015625,0.0390625,0.0859375,0.03125,0.0703125,118.43,161,7.315,15.241,4.109,63.667,10030,7.315,15.241,4.109,164208.03,17.729,3195,975,910,25,10030,4925,23.181,64.65,72487.2,0.425,-1.565244823,1.47672094,20,113.26,0.32,55.75,2.401,128,604,9.4375,0.561669017,0.02106475,0.074311024,61.3,64.65,5,10030
seq7417@2,17.078,70000.611,4.106,0.406,0.211,0.19,0.51,-1.536,1.48,128,6.93125,9,5,0.278674941,0.370864771,0.168202158,0.023910142,0.129480365,5.86E-06,0.02390982,17.3359375,0.725430227,3.691533203,2.084350188,32.015625,40405,759,14478.0603,0.1171875,35.178125,8.035162163,-0.43671875,0.0625,0.015625,0.0390625,0.0625,0.015625,0.09375,0.015625,0.0390625,0.03125,0.078125,0.0234375,0.0625,0.0234375,0.03125,0.078125,0.1015625,0.0390625,0.0859375,0.03125,0.0703125,124.73,158,5.766,16.465,2.363,61.213,10005,5.766,16.465,2.363,158403.98,17.041,3195,970,910,25,10005,4905,22.33,62.852,72387.04,0.429,-1.536451894,1.479623923,20,113.1,0.36,54.96,2.438,128,609,9.515625,0.562016933,0.020991517,0.074926181,58.62,62.85,5,10005
seq16007@2,17.691,81133.691,4.097,0.398,0.219,0.191,0.508,-1.573,1.425,128,7.7375,10,6,0.269348868,0.362244898,0.142063139,0.025523071,0.128541783,2.20E-07,0.025521925,16.115625,0.70910488,3.834604492,2.430559365,29.740625,36689,664,14437.0764,0.109375,33.20859375,8.520286751,-0.4171875,0.0625,0.0234375,0.0390625,0.0625,0.015625,0.09375,0.0078125,0.0390625,0.03125,0.078125,0.0234375,0.0625,0.0234375,0.03125,0.0859375,0.1015625,0.0390625,0.0859375,0.03125,0.0625,115.71,178,2.732,16.974,-2.213,66.65,9990,2.732,16.974,-2.213,183180.2,17.61,3165,965,915,30,9990,4915,23.056,67.921,72187.22,0.373,-1.573160851,1.425247589,20,112.79,0.34,60.37,2.377,128,615,9.609375,0.558379186,0.020080498,0.07566437,58.21,67.92,5,9990
seq5264@2,16.191,65888.57,4.091,0.406,0.219,0.19,0.508,-1.561,1.439,128,6.9328125,10,5,0.29559735,0.388213852,0.164351852,0.026418625,0.12738671,1.62E-06,0.026417666,19.740625,0.669281344,3.480351563,1.860688158,35.675,45283,834,14511.1333,0.1171875,34.39765625,8.618729973,-0.44453125,0.0625,0.015625,0.0390625,0.0625,0.015625,0.09375,0.0078125,0.046875,0.03125,0.078125,0.0234375,0.0625,0.0234375,0.03125,0.0859375,0.1015625,0.0390625,0.078125,0.03125,0.0703125,139.65,152,12.151,14.327,3.546,60.389,10055,12.151,14.327,3.546,146107.2,16.13,3200,970,915,25,10055,4945,21.178,61.392,72557.46,0.47,-1.56061184,1.438534248,20,113.37,0.25,53.36,2.439,128,608,9.5,0.564297768,0.021017881,0.07480315,60.74,61.39,5,10055
seq906@24,17.051,69457.432,4.073,0.406,0.211,0.192,0.51,-1.499,1.4,128,7.040625,10,5,0.278158531,0.375440658,0.170901311,0.024577544,0.134548772,2.83E-06,0.024577115,17.0140625,0.72035419,3.702285156,2.129324856,31.165625,38760,697,14483.037,0.1171875,36.64375,8.036709404,-0.44375,0.0625,0.015625,0.0390625,0.0625,0.015625,0.09375,0.0078125,0.0390625,0.0234375,0.078125,0.0234375,0.0703125,0.0234375,0.03125,0.0859375,0.1015625,0.0390625,0.0859375,0.03125,0.0703125,121.75,163,4.986,15.833,5.735,63.634,10000,4.986,15.833,5.735,132652.16,16.989,3185,975,915,25,10000,4900,22.299,64.892,72411.95,0.512,-1.498572652,1.400316688,20,113.14,0.41,55.79,2.42,128,616,9.625,0.561184302,0.020576529,0.075787402,50.46,64.89,5,10000
seq1275@16,17.212,73159.744,4.073,0.406,0.219,0.191,0.509,-1.526,1.372,128,7.3953125,10,5,0.279016588,0.373902867,0.147065593,0.02571928,0.124585068,1.23E-06,0.025718393,17.309375,0.687237744,3.690825195,2.166027151,31.7890625,39824,731,14483.0801,0.1171875,34.39765625,8.618729973,-0.44921875,0.0625,0.015625,0.0390625,0.0625,0.015625,0.09375,0.0078125,0.03125,0.03125,0.078125,0.0234375,0.0625,0.0234375,0.03125,0.0859375,0.1015625,0.0390625,0.09375,0.03125,0.0703125,124.14,169,6.31,16.501,-1.978,65.756,10025,6.31,16.501,-1.978,170829.83,17.13,3190,970,915,25,10025,4925,22.437,67.209,72417.2,0.404,-1.525751135,1.372108915,20,113.15,0.34,59.64,2.383,128,614,9.59375,0.568936402,0.020756195,0.075541339,56.18,67.21,5,10025
seq3382@15,16.776,71081.515,4.079,0.406,0.219,0.19,0.508,-1.502,1.514,128,7.18125,10,5,0.285224857,0.378778897,0.165501166,0.025777576,0.121797333,1.71E-06,0.025776972,17.7984375,0.700669197,3.609106445,2.028418049,32.5921875,40807,728,14525.1598,0.1171875,33.80859375,8.618729973,-0.428125,0.0546875,0.015625,0.0390625,0.0625,0.015625,0.09375,0.0078125,0.0390625,0.03125,0.078125,0.0234375,0.0625,0.0234375,0.03125,0.0859375,0.1015625,0.0390625,0.09375,0.03125,0.0703125,127.33,157,5.704,16.95,1.901,66.131,10070,5.704,16.95,1.901,169525.27,16.723,3205,970,915,25,10070,4955,21.922,67.444,72627.59,0.412,-1.501965858,1.514288628,20,113.48,0.4,55.38,2.424,128,601,9.390625,0.552200187,0.020650739,0.073941929,56.62,67.44,5,10070
seq233@10,17.189,72650.118,4.081,0.406,0.211,0.19,0.509,-1.507,1.414,128,6.9234375,9,5,0.276139851,0.368299712,0.16296863,0.023055954,0.13021284,1.90E-06,0.023055554,16.2375,0.729804367,3.721772461,2.077018147,30.471875,37370,710,14427.9983,0.1171875,34.39765625,8.028135109,-0.41796875,0.0625,0.015625,0.0390625,0.0625,0.015625,0.09375,0.0078125,0.0390625,0.03125,0.078125,0.0234375,0.0625,0.0234375,0.03125,0.078125,0.109375,0.0390625,0.0859375,0.03125,0.0703125,117.53,172,7.89,15.618,2.659,62.313,9975,7.89,15.618,2.659,172285.6,17.131,3180,975,900,25,9975,4895,22.507,63.519,72136.71,0.39,-1.506838584,1.413705838,20,112.71,0.21,55.38,2.456,128,607,9.484375,0.559676868,0.021047174,0.074680118,63.03,63.52,5,9975
seq3638@10,17.463,71963.072,4.083,0.414,0.211,0.191,0.509,-1.555,1.386,128,7.5421875,10,6,0.269764188,0.364310148,0.1441787,0.024521563,0.131017271,1.93E-07,0.024520457,16.5609375,0.703386799,3.81984375,2.368569116,30.6796875,39538,736,14500.1304,0.1171875,34.39765625,8.036709404,-0.4015625,0.0625,0.015625,0.0390625,0.0625,0.015625,0.09375,0.0078125,0.0390625,0.0234375,0.078125,0.03125,0.0625,0.0234375,0.03125,0.0859375,0.1015625,0.0390625,0.0859375,0.03125,0.0703125,121.52,170,9.551,13.483,6.807,63.528,10015,9.551,13.483,6.807,168496.89,17.426,3190,970,910,30,10015,4915,22.769,65.588,72497.42,0.404,-1.555441108,1.385757499,20,113.27,0.23,56.88,2.386,128,610,9.53125,0.564086304,0.020874344,0.075049213,64.35,65.59,5,10015
seq4237@10,15.647,55818.622,4.076,0.406,0.219,0.19,0.508,-1.546,1.461,128,6.6984375,9,5,0.305979485,0.40037594,0.171359614,0.028001682,0.117043926,2.25E-06,0.028001171,20.75,0.643358003,3.353720703,1.705623852,38.56875,50312,932,14511.1333,0.1171875,33.43359375,8.618729973,-0.446875,0.0625,0.015625,0.03125,0.0703125,0.015625,0.09375,0.0078125,0.0390625,0.03125,0.078125,0.0234375,0.0625,0.0234375,0.03125,0.0859375,0.1015625,0.0390625,0.0859375,0.03125,0.0703125,155,147,16.32,11.859,0.555,66.833,10055,16.32,11.859,0.555,142625.75,15.572,3200,970,915,25,10055,4945,20.431,67.668,72557.46,0.488,-1.54564163,1.460857285,20,113.37,0.29,61.06,2.414,128,614,9.59375,0.561572759,0.0203871,0.075541339,63.62,67.67,5,10055
seq1881@9,17.427,69593.281,4.032,0.4,0.236,0.192,0.505,-1.561,1.599,110,7.374545455,10,5,0.268890088,0.36551265,0.159732325,0.026251591,0.13884065,2.04E-06,0.026250967,14.52363636,0.724539958,3.837917355,2.439970539,27.15272727,30335,516,12335.7772,0.090909091,38.55363636,8.673850441,-0.444545455,0.072727273,0.018181818,0.036363636,0.072727273,0.009090909,0.090909091,0,0.045454545,0.036363636,0.081818182,0.027272727,0.072727273,0.027272727,0.027272727,0.090909091,0.1,0.027272727,0.081818182,0.027272727,0.054545455,108.23,152,11.883,12.459,0.891,63.278,8580,11.883,12.459,0.891,154126.62,17.344,2685,830,790,25,8580,4250,22.706,63.677,61680.5,0.371,-1.560645283,1.59944715,19,112.14,0.09,58.38,2.352,110,508,9.236363636,0.559194795,0.021761962,0.084737281,59.88,63.68,5,8580
seq3390@7,17.354,70263.8,4.076,0.406,0.211,0.19,0.508,-1.57,1.511,128,7.709375,11,6,0.274420494,0.365560641,0.154124457,0.025970786,0.129928725,2.70E-07,0.025970315,17.0421875,0.710019284,3.762700195,2.37727767,31.6828125,40763,735,14496.1219,0.1171875,35.36171875,8.960799217,-0.446875,0.0625,0.015625,0.03125,0.0625,0.015625,0.09375,0.0078125,0.0390625,0.03125,0.078125,0.0234375,0.0703125,0.0234375,0.03125,0.0859375,0.1015625,0.0390625,0.0859375,0.03125,0.0703125,125.68,161,-0.838,16.521,-1.981,72.329,10050,-0.838,16.521,-1.981,150742.16,17.262,3195,965,920,25,10050,4945,22.546,73.909,72487.46,0.458,-1.57033471,1.510746602,20,113.26,0.49,66.99,2.316,128,613,9.578125,0.567541877,0.020928048,0.075418307,63.57,73.91,5,10050
seq354@6,17.354,74218.226,4.073,0.406,0.219,0.191,0.51,-1.453,1.421,128,7.571875,10,5,0.27181205,0.366399083,0.14336998,0.023167816,0.134948623,1.97E-07,0.023167095,16.140625,0.725016201,3.793735352,2.271942199,29.7609375,37158,706,14498.0484,0.1171875,34.715625,6.87577877,-0.44375,0.0625,0.015625,0.0390625,0.0703125,0.015625,0.09375,0.0078125,0.0390625,0.0234375,0.078125,0.0234375,0.0625,0.0234375,0.03125,0.0859375,0.1015625,0.0390625,0.0859375,0.03125,0.0703125,114.81,179,3.731,15.902,0.006,61.8,10005,3.731,15.902,0.006,182209.78,17.358,3190,980,910,25,10005,4900,22.714,62.473,72481.95,0.376,-1.453157701,1.421219561,20,113.25,0.18,57.09,2.443,128,611,9.546875,0.560051992,0.020586294,0.075172244,58.16,62.47,5,10005
seq569@6,19.135,80584.804,4.103,0.398,0.219,0.191,0.508,-1.541,1.433,128,7.9703125,11,6,0.247452776,0.331431535,0.151709402,0.02159986,0.145467523,1.79E-06,0.021598751,15.1765625,0.715594978,4.161811523,3.062064101,27.7984375,35873,691,14471.0728,0.109375,34.9828125,8.637232399,-0.46171875,0.0625,0.015625,0.0390625,0.0625,0.015625,0.09375,0.015625,0.0390625,0.03125,0.078125,0.0234375,0.0625,0.0234375,0.03125,0.0859375,0.1015625,0.0390625,0.0859375,0.03125,0.0625,110.13,169,8.683,13.273,2.095,69.023,10020,8.683,13.273,2.095,225533.95,19.054,3180,965,925,25,10020,4925,24.81,69.023,72357.2,0.309,-1.541295987,1.433454851,20,113.06,0.1,65.94,2.279,128,609,9.515625,0.554163241,0.020110767,0.074926181,66.71,69.02,5,10020
seq648@4,17.896,80220.289,4.087,0.398,0.219,0.19,0.508,-1.506,1.455,128,7.59375,10,5,0.266450836,0.353624792,0.141184269,0.022850785,0.133711347,4.67E-08,0.02285004,16.084375,0.714474327,3.865297852,2.392211777,29.690625,37287,691,14527.1327,0.1171875,36.94453125,8.618729973,-0.46640625,0.0546875,0.015625,0.0390625,0.0625,0.015625,0.09375,0.0078125,0.0390625,0.03125,0.078125,0.0234375,0.0625,0.0234375,0.03125,0.0859375,0.1015625,0.046875,0.0859375,0.03125,0.0703125,115.11,165,4.96,15.683,0.885,66.186,10060,4.96,15.683,0.885,187938.14,17.832,3200,975,915,25,10060,4945,23.353,67.754,72637.46,0.362,-1.506044472,1.454748953,20,113.49,0.14,57.74,2.403,128,621,9.703125,0.574279106,0.020620469,0.076402559,60.33,67.75,5,10060
seq6944@4,17.399,66192.329,4.086,0.406,0.219,0.191,0.509,-1.567,1.375,128,6.9515625,9,5,0.274858268,0.369364162,0.169946809,0.023503706,0.125104451,7.12E-06,0.023503297,18.5328125,0.706651725,3.737978516,2.167077164,32.840625,43095,812,14515.1451,0.1171875,37.6078125,8.618729973,-0.4671875,0.0625,0.015625,0.0390625,0.0625,0.015625,0.09375,0.0078125,0.03125,0.03125,0.078125,0.03125,0.0625,0.0234375,0.03125,0.0859375,0.1015625,0.0390625,0.0859375,0.03125,0.0703125,129.6,153,9.721,13.902,4.687,63.345,10030,9.721,13.902,4.687,157777.08,17.323,3190,970,915,30,10030,4925,22.694,65.137,72577.55,0.427,-1.567323533,1.374513902,20,113.4,0.35,56.37,2.398,128,621,9.703125,0.571326633,0.020811852,0.076402559,57.31,65.14,5,10030
seq3173@3,18.945,86710.88,4.083,0.406,0.219,0.19,0.508,-1.539,1.359,128,7.69375,10,5,0.24918935,0.334030319,0.143918919,0.022268225,0.141137999,9.47E-07,0.022267234,13.546875,0.72586793,4.129541016,2.682057016,25.25625,30658,585,14497.1067,0.1171875,34.39765625,8.618729973,-0.446875,0.0625,0.015625,0.0390625,0.0625,0.015625,0.09375,0.0078125,0.0390625,0.03125,0.078125,0.0234375,0.0625,0.0234375,0.03125,0.0859375,0.1015625,0.0390625,0.0859375,0.03125,0.0703125,97.9,190,7.774,12.105,5.905,67.077,10040,7.774,12.105,5.905,178042.66,18.888,3195,970,915,25,10040,4935,24.73,67.712,72487.33,0.391,-1.538806263,1.359409489,20,113.26,0.52,61.98,2.4,128,606,9.46875,0.559888202,0.020894849,0.074557087,46.63,67.71,5,10040
