Folder,N_features_used,Features_used
01,10,Min_Eigenvector; Clustering_Coefficient; Min_CA_Distance; AAC_C; Average_Phi.1; COM_Y; AAC_L; Z_Spread; Avg_Degree; Isoelectric_Point
02,10,Min_Eigenvector; Clustering_Coefficient; Min_CA_Distance; AAC_C; Average_Phi.1; COM_Y; AAC_L; Z_Spread; Avg_Degree; Isoelectric_Point
03,10,Min_Eigenvector; Clustering_Coefficient; Min_CA_Distance; AAC_C; Average_Phi.1; COM_Y; AAC_L; Z_Spread; Avg_Degree; Isoelectric_Point
04,10,Min_Eigenvector; Clustering_Coefficient; Min_CA_Distance; AAC_C; Average_Phi.1; COM_Y; AAC_L; Z_Spread; Avg_Degree; Isoelectric_Point
05,10,Min_Eigenvector; Clustering_Coefficient; Min_CA_Distance; AAC_C; Average_Phi.1; COM_Y; AAC_L; Z_Spread; Avg_Degree; Isoelectric_Point
06,10,Min_Eigenvector; Clustering_Coefficient; Min_CA_Distance; AAC_C; Average_Phi.1; COM_Y; AAC_L; Z_Spread; Avg_Degree; Isoelectric_Point
07,10,Min_Eigenvector; Clustering_Coefficient; Min_CA_Distance; AAC_C; Average_Phi.1; COM_Y; AAC_L; Z_Spread; Avg_Degree; Isoelectric_Point
08,10,Min_Eigenvector; Clustering_Coefficient; Min_CA_Distance; AAC_C; Average_Phi.1; COM_Y; AAC_L; Z_Spread; Avg_Degree; Isoelectric_Point
09,10,Min_Eigenvector; Clustering_Coefficient; Min_CA_Distance; AAC_C; Average_Phi.1; COM_Y; AAC_L; Z_Spread; Avg_Degree; Isoelectric_Point
10,10,Min_Eigenvector; Clustering_Coefficient; Min_CA_Distance; AAC_C; Average_Phi.1; COM_Y; AAC_L; Z_Spread; Avg_Degree; Isoelectric_Point
11,10,Min_Eigenvector; Clustering_Coefficient; Min_CA_Distance; AAC_C; Average_Phi.1; COM_Y; AAC_L; Z_Spread; Avg_Degree; Isoelectric_Point
12,10,Min_Eigenvector; Clustering_Coefficient; Min_CA_Distance; AAC_C; Average_Phi.1; COM_Y; AAC_L; Z_Spread; Avg_Degree; Isoelectric_Point
13,10,Min_Eigenvector; Clustering_Coefficient; Min_CA_Distance; AAC_C; Average_Phi.1; COM_Y; AAC_L; Z_Spread; Avg_Degree; Isoelectric_Point
14,10,Min_Eigenvector; Clustering_Coefficient; Min_CA_Distance; AAC_C; Average_Phi.1; COM_Y; AAC_L; Z_Spread; Avg_Degree; Isoelectric_Point
15,10,Min_Eigenvector; Clustering_Coefficient; Min_CA_Distance; AAC_C; Average_Phi.1; COM_Y; AAC_L; Z_Spread; Avg_Degree; Isoelectric_Point
16,10,Min_Eigenvector; Clustering_Coefficient; Min_CA_Distance; AAC_C; Average_Phi.1; COM_Y; AAC_L; Z_Spread; Avg_Degree; Isoelectric_Point
17,10,Min_Eigenvector; Clustering_Coefficient; Min_CA_Distance; AAC_C; Average_Phi.1; COM_Y; AAC_L; Z_Spread; Avg_Degree; Isoelectric_Point
18,10,Min_Eigenvector; Clustering_Coefficient; Min_CA_Distance; AAC_C; Average_Phi.1; COM_Y; AAC_L; Z_Spread; Avg_Degree; Isoelectric_Point
19,10,Min_Eigenvector; Clustering_Coefficient; Min_CA_Distance; AAC_C; Average_Phi.1; COM_Y; AAC_L; Z_Spread; Avg_Degree; Isoelectric_Point
20,7,Min_Eigenvector; Clustering_Coefficient; Min_CA_Distance; Average_Phi.1; COM_Y; Z_Spread; Avg_Degree
21,10,Min_Eigenvector; Clustering_Coefficient; Min_CA_Distance; AAC_C; Average_Phi.1; COM_Y; AAC_L; Z_Spread; Avg_Degree; Isoelectric_Point
22,10,Min_Eigenvector; Clustering_Coefficient; Min_CA_Distance; AAC_C; Average_Phi.1; COM_Y; AAC_L; Z_Spread; Avg_Degree; Isoelectric_Point
23,10,Min_Eigenvector; Clustering_Coefficient; Min_CA_Distance; AAC_C; Average_Phi.1; COM_Y; AAC_L; Z_Spread; Avg_Degree; Isoelectric_Point
24,10,Min_Eigenvector; Clustering_Coefficient; Min_CA_Distance; AAC_C; Average_Phi.1; COM_Y; AAC_L; Z_Spread; Avg_Degree; Isoelectric_Point
26,10,Min_Eigenvector; Clustering_Coefficient; Min_CA_Distance; AAC_C; Average_Phi.1; COM_Y; AAC_L; Z_Spread; Avg_Degree; Isoelectric_Point
27,10,Min_Eigenvector; Clustering_Coefficient; Min_CA_Distance; AAC_C; Average_Phi.1; COM_Y; AAC_L; Z_Spread; Avg_Degree; Isoelectric_Point
28,10,Min_Eigenvector; Clustering_Coefficient; Min_CA_Distance; AAC_C; Average_Phi.1; COM_Y; AAC_L; Z_Spread; Avg_Degree; Isoelectric_Point
29,10,Min_Eigenvector; Clustering_Coefficient; Min_CA_Distance; AAC_C; Average_Phi.1; COM_Y; AAC_L; Z_Spread; Avg_Degree; Isoelectric_Point
30,10,Min_Eigenvector; Clustering_Coefficient; Min_CA_Distance; AAC_C; Average_Phi.1; COM_Y; AAC_L; Z_Spread; Avg_Degree; Isoelectric_Point
31,10,Min_Eigenvector; Clustering_Coefficient; Min_CA_Distance; AAC_C; Average_Phi.1; COM_Y; AAC_L; Z_Spread; Avg_Degree; Isoelectric_Point
32,10,Min_Eigenvector; Clustering_Coefficient; Min_CA_Distance; AAC_C; Average_Phi.1; COM_Y; AAC_L; Z_Spread; Avg_Degree; Isoelectric_Point
33,10,Min_Eigenvector; Clustering_Coefficient; Min_CA_Distance; AAC_C; Average_Phi.1; COM_Y; AAC_L; Z_Spread; Avg_Degree; Isoelectric_Point
34,10,Min_Eigenvector; Clustering_Coefficient; Min_CA_Distance; AAC_C; Average_Phi.1; COM_Y; AAC_L; Z_Spread; Avg_Degree; Isoelectric_Point
35,10,Min_Eigenvector; Clustering_Coefficient; Min_CA_Distance; AAC_C; Average_Phi.1; COM_Y; AAC_L; Z_Spread; Avg_Degree; Isoelectric_Point
37,10,Min_Eigenvector; Clustering_Coefficient; Min_CA_Distance; AAC_C; Average_Phi.1; COM_Y; AAC_L; Z_Spread; Avg_Degree; Isoelectric_Point
40,10,Min_Eigenvector; Clustering_Coefficient; Min_CA_Distance; AAC_C; Average_Phi.1; COM_Y; AAC_L; Z_Spread; Avg_Degree; Isoelectric_Point
41,10,Min_Eigenvector; Clustering_Coefficient; Min_CA_Distance; AAC_C; Average_Phi.1; COM_Y; AAC_L; Z_Spread; Avg_Degree; Isoelectric_Point
42,10,Min_Eigenvector; Clustering_Coefficient; Min_CA_Distance; AAC_C; Average_Phi.1; COM_Y; AAC_L; Z_Spread; Avg_Degree; Isoelectric_Point
43,10,Min_Eigenvector; Clustering_Coefficient; Min_CA_Distance; AAC_C; Average_Phi.1; COM_Y; AAC_L; Z_Spread; Avg_Degree; Isoelectric_Point
44,10,Min_Eigenvector; Clustering_Coefficient; Min_CA_Distance; AAC_C; Average_Phi.1; COM_Y; AAC_L; Z_Spread; Avg_Degree; Isoelectric_Point
45,10,Min_Eigenvector; Clustering_Coefficient; Min_CA_Distance; AAC_C; Average_Phi.1; COM_Y; AAC_L; Z_Spread; Avg_Degree; Isoelectric_Point
47,10,Min_Eigenvector; Clustering_Coefficient; Min_CA_Distance; AAC_C; Average_Phi.1; COM_Y; AAC_L; Z_Spread; Avg_Degree; Isoelectric_Point
49,10,Min_Eigenvector; Clustering_Coefficient; Min_CA_Distance; AAC_C; Average_Phi.1; COM_Y; AAC_L; Z_Spread; Avg_Degree; Isoelectric_Point
50,10,Min_Eigenvector; Clustering_Coefficient; Min_CA_Distance; AAC_C; Average_Phi.1; COM_Y; AAC_L; Z_Spread; Avg_Degree; Isoelectric_Point
51,10,Min_Eigenvector; Clustering_Coefficient; Min_CA_Distance; AAC_C; Average_Phi.1; COM_Y; AAC_L; Z_Spread; Avg_Degree; Isoelectric_Point
52,10,Min_Eigenvector; Clustering_Coefficient; Min_CA_Distance; AAC_C; Average_Phi.1; COM_Y; AAC_L; Z_Spread; Avg_Degree; Isoelectric_Point
54,10,Min_Eigenvector; Clustering_Coefficient; Min_CA_Distance; AAC_C; Average_Phi.1; COM_Y; AAC_L; Z_Spread; Avg_Degree; Isoelectric_Point
57,10,Min_Eigenvector; Clustering_Coefficient; Min_CA_Distance; AAC_C; Average_Phi.1; COM_Y; AAC_L; Z_Spread; Avg_Degree; Isoelectric_Point
